:START_ID(Student),:END_ID(Course),:TYPE,enhanced_risk_score:float,similar_students_count:int,similar_courses_count:int,similar_student_risk:float,similar_course_risk:float,top_similar_student:string,top_similar_course:string,pass_probability:float
OK81531,CSUU 100,ENHANCED_RISK,0.0,5,5,0.0,0.0,BW63311,CSMM 100,1.0
IY69973,BMMM 300,ENHANCED_RISK,0.21500000000000002,5,5,0.07499999999999996,0.42500000000000004,UJ67890,BEEE 400,0.7849999999999999
IY69973,CSXX 200,ENHANCED_RISK,0.0,5,5,0.0,0.0,UJ67890,CSBB 300-3,1.0
HB37854,BOOO 200-1-7,ENHANCED_RISK,0.44999999999999996,5,5,0.75,0.0,DL41424,BUUU 200,0.55
HB37854,BEEE 100-7,ENHANCED_RISK,0.0,5,5,0.0,0.0,DL41424,BKKK 100-6,1.0
SG17134,CSMM 100,ENHANCED_RISK,0.255,5,5,0.42500000000000004,0.0,MR31478,CSUU 100,0.745
AT15854,BOOO 200-1,ENHANCED_RISK,0.0,5,5,0.0,0.0,BL66072,BOOO 200-1-7,1.0
MT73139,BPPP 100-4,ENHANCED_RISK,0.1275,5,5,0.21250000000000002,0.0,MJ01882,BOOO 100,0.8725
MT73139,CSCC 100,ENHANCED_RISK,0.0,5,5,0.0,0.0,MJ01882,CSSS 100,1.0
MT73139,CSVV 200-6,ENHANCED_RISK,0.30000000000000004,5,5,0.0,0.75,MJ01882,CSXX 300,0.7
MT73139,BKKK 100,ENHANCED_RISK,0.10500000000000002,5,5,0.17500000000000004,0.0,MJ01882,BBBB 100,0.895
PQ95090,CSGG 300,ENHANCED_RISK,0.12999999999999998,5,5,0.0,0.32499999999999996,BS35175,CSVV 200-5,0.87
PQ95090,CSHH 100,ENHANCED_RISK,0.385,5,5,0.42500000000000004,0.32499999999999996,BS35175,CSOO 100-5,0.615
MV65510,CSHH 100,ENHANCED_RISK,0.0,5,5,0.0,0.0,GG82607,CSOO 100-5,1.0
MV65510,CSVV 200,ENHANCED_RISK,0.1,5,5,0.0,0.25,GG82607,CSQQ 400,0.9
AK77343,BOOO 200-1-7,ENHANCED_RISK,0.11499999999999999,5,5,0.07499999999999996,0.17500000000000004,MC01069,BUUU 200,0.885
RU47578,CSMM 100,ENHANCED_RISK,0.03499999999999994,5,5,0.05833333333333324,0.0,FL07228,CSUU 100,0.9650000000000001
RU47578,BKKK 300,ENHANCED_RISK,0.0,5,5,0.0,0.0,FL07228,BPPP 300,1.0
RU47578,CSUU 100,ENHANCED_RISK,0.0,5,5,0.0,0.0,FL07228,CSMM 100,1.0
FH04432,BOOO 200-1,ENHANCED_RISK,0.0,5,5,0.0,0.0,FK91491,BOOO 200-1-7,1.0
NY19168,CSUU 100,ENHANCED_RISK,0.15,5,5,0.25,0.0,AW34708,CSMM 100,0.85
NV21553,BDDD 100-7,ENHANCED_RISK,0.15,5,5,0.25,0.0,CX78489,BTTT 100,0.85
GG00479,CSHH 100,ENHANCED_RISK,0.395,5,5,0.32499999999999996,0.5,VQ28724,CSOO 100-5,0.605
OE55372,CSVV 200-6,ENHANCED_RISK,0.405,5,5,0.42500000000000004,0.375,OQ39530,CSXX 300,0.595
XU26284,CSUU 100,ENHANCED_RISK,0.0,5,5,0.0,0.0,BW63311,CSMM 100,1.0
MI44941,CSOO 100,ENHANCED_RISK,0.0,5,5,0.0,0.0,HW32468,CSWW 300-1,1.0
MI44941,CSVV 100,ENHANCED_RISK,0.0,5,5,0.0,0.0,HW32468,CSDD 200,1.0
DU81516,CSMM 100,ENHANCED_RISK,0.17500000000000004,5,5,0.17500000000000004,0.17500000000000004,NS21836,CSUU 100,0.825
KY68436,CSXX 200,ENHANCED_RISK,0.029999999999999985,5,5,0.0,0.07499999999999996,XK19911,CSBB 300-3,0.97
KY68436,BOOO 200,ENHANCED_RISK,0.2825,5,5,0.08750000000000002,0.575,XK19911,BUUU 200,0.7175
KY68436,CSOO 100,ENHANCED_RISK,0.29750000000000004,5,5,0.21250000000000002,0.42500000000000004,XK19911,CSWW 300-1,0.7024999999999999
KY68436,CSLL 100,ENHANCED_RISK,0.0,5,5,0.0,0.0,XK19911,CSLL 200,1.0
KY68436,CSHH 100,ENHANCED_RISK,0.37250000000000005,5,5,0.3375,0.42500000000000004,XK19911,CSOO 100-5,0.6275
QH07311,BAAA 100,ENHANCED_RISK,0.0,5,5,0.0,0.0,VV87942,BRRR 200,1.0
DH29782,BOOO 200-1,ENHANCED_RISK,0.0,5,5,0.0,0.0,MT29155,BOOO 200-1-7,1.0
DH29782,CSMM 100,ENHANCED_RISK,0.0,5,5,0.0,0.0,MT29155,CSUU 100,1.0
HJ37611,CSUU 100,ENHANCED_RISK,0.16666666666666666,5,5,0.0,0.41666666666666663,ZQ78551,CSMM 100,0.8333333333333334
HJ37611,CSEE 200,ENHANCED_RISK,0.15000000000000002,5,5,0.0,0.375,ZQ78551,CSMM 100,0.85
XD98281,BAAA 100,ENHANCED_RISK,0.0,5,5,0.0,0.0,KE65767,BRRR 200,1.0
CL74126,BTTT 100,ENHANCED_RISK,0.15,5,5,0.25,0.0,DP19750,BPPP 100,0.85
CL74126,BKKK 100,ENHANCED_RISK,0.15,5,5,0.25,0.0,DP19750,BBBB 100,0.85
YQ67104,CSEE 200,ENHANCED_RISK,0.0,5,5,0.0,0.0,HN57642,CSMM 100,1.0
CS89406,CSDD 200-8,ENHANCED_RISK,0.15,5,5,0.25,0.0,BW63311,CSLL 200,0.85
CS89406,BFFF 200,ENHANCED_RISK,0.32000000000000006,5,5,0.5333333333333334,0.0,BW63311,BMMM 400,0.6799999999999999
EX41570,CSTT 300,ENHANCED_RISK,0.28500000000000003,5,5,0.0,0.7125,UK11695,CSXX 300,0.715
EX41570,BKKK 100,ENHANCED_RISK,0.13,5,5,0.07499999999999996,0.21250000000000002,UK11695,BBBB 100,0.87
EX41570,CSUU 100,ENHANCED_RISK,0.3475,5,5,0.5,0.11874999999999991,UK11695,CSMM 100,0.6525000000000001
EX41570,CSXX 400,ENHANCED_RISK,0.0,5,5,0.0,0.0,UK11695,CSGG 300,1.0
EX41570,CSGG 300,ENHANCED_RISK,0.2,5,5,0.0,0.5,UK11695,CSVV 200-5,0.8
OQ52775,CSVV 200-6,ENHANCED_RISK,0.04499999999999997,5,5,0.07499999999999996,0.0,OL13449,CSXX 300,0.9550000000000001
OQ52775,CSHH 100,ENHANCED_RISK,0.0,5,5,0.0,0.0,OL13449,CSOO 100-5,1.0
QC16992,CSVV 200-5,ENHANCED_RISK,0.0,5,5,0.0,0.0,SN01144,CSGG 300,1.0
QC16992,BOOO 200,ENHANCED_RISK,0.0,5,5,0.0,0.0,SN01144,BUUU 200,1.0
HP58319,CSXX 400,ENHANCED_RISK,0.0,5,5,0.0,0.0,QD38309,CSGG 300,1.0
DV71153,BSSS 200,ENHANCED_RISK,0.07000000000000002,5,5,0.0,0.17500000000000004,IC02584,BWWW 300-7,0.9299999999999999
DV71153,CSHH 100,ENHANCED_RISK,0.245,5,5,0.07499999999999996,0.5,IC02584,CSOO 100-5,0.755
VY44580,CSHH 100,ENHANCED_RISK,0.0,5,5,0.0,0.0,EP07909,CSOO 100-5,1.0
SY23613,CSCC 100,ENHANCED_RISK,0.0,5,5,0.0,0.0,IC64770,CSSS 100,1.0
SY23613,BIII 300,ENHANCED_RISK,0.0,5,5,0.0,0.0,IC64770,BTTT 400,1.0
UP38205,CSXX 400,ENHANCED_RISK,0.07000000000000002,5,5,0.0,0.17500000000000004,VZ44817,CSGG 300,0.9299999999999999
ME50223,CSXX 200,ENHANCED_RISK,0.0,4,5,0.0,0.0,CE80889,CSBB 300-3,1.0
ME50223,BDDD 100-7,ENHANCED_RISK,0.0,4,5,0.0,0.0,CE80889,BTTT 100,1.0
PY96277,CSVV 200-6,ENHANCED_RISK,0.0,5,5,0.0,0.0,AM23445,CSXX 300,1.0
ED91611,BDDD 100,ENHANCED_RISK,0.255,5,5,0.42500000000000004,0.0,PK04124,BIII 200,0.745
ED91611,BPPP 100-4,ENHANCED_RISK,0.04499999999999997,5,5,0.07499999999999996,0.0,PK04124,BOOO 100,0.9550000000000001
HW32468,CSLL 100,ENHANCED_RISK,0.15,5,5,0.25,0.0,MI44941,CSLL 200,0.85
CU42149,CSTT 300,ENHANCED_RISK,0.1,5,5,0.0,0.25,LO92468,CSXX 300,0.9
CU42149,BOOO 200-1-7,ENHANCED_RISK,0.32000000000000006,5,5,0.25,0.42500000000000004,LO92468,BUUU 200,0.6799999999999999
CU42149,CSSS 100,ENHANCED_RISK,0.04333333333333336,5,5,0.0,0.10833333333333339,LO92468,CSCC 100,0.9566666666666667
GV39335,CSEE 200,ENHANCED_RISK,0.0,5,5,0.0,0.0,DT26061,CSMM 100,1.0
GV39335,BEEE 100,ENHANCED_RISK,0.10500000000000002,5,5,0.17500000000000004,0.0,DT26061,BSSS 200,0.895
GV39335,BOOO 100,ENHANCED_RISK,0.0,5,5,0.0,0.0,DT26061,BPPP 100-4,1.0
AY80987,CSVV 200-6,ENHANCED_RISK,0.0,5,5,0.0,0.0,CY30935,CSXX 300,1.0
AY80987,CSGG 100,ENHANCED_RISK,0.0,5,5,0.0,0.0,CY30935,CSUU 100,1.0
AY80987,CSXX 200,ENHANCED_RISK,0.0,5,5,0.0,0.0,CY30935,CSBB 300-3,1.0
AY80987,CSOO 100,ENHANCED_RISK,0.0,5,5,0.0,0.0,CY30935,CSWW 300-1,1.0
AY80987,CSLL 200,ENHANCED_RISK,0.18000000000000002,5,5,0.30000000000000004,0.0,CY30935,CSLL 100,0.82
IJ96831,BTTT 100,ENHANCED_RISK,0.19499999999999998,5,5,0.32499999999999996,0.0,FT56188,BPPP 100,0.805
IJ96831,BDDD 100-7,ENHANCED_RISK,0.075,5,5,0.125,0.0,FT56188,BTTT 100,0.925
IJ96831,BDDD 100,ENHANCED_RISK,0.15,5,5,0.25,0.0,FT56188,BIII 200,0.85
VQ35540,CSCC 100,ENHANCED_RISK,0.0,5,5,0.0,0.0,YV44657,CSSS 100,1.0
VQ35540,BDDD 100,ENHANCED_RISK,0.10500000000000002,5,5,0.17500000000000004,0.0,YV44657,BIII 200,0.895
OU85187,CSUU 100,ENHANCED_RISK,0.0,5,5,0.0,0.0,DV71153,CSMM 100,1.0
OU85187,CSWW 300-8,ENHANCED_RISK,0.0,5,5,0.0,0.0,DV71153,CSSS 300,1.0
GX14710,CSGG 300,ENHANCED_RISK,0.07000000000000002,5,5,0.0,0.17500000000000004,XD07531,CSVV 200-5,0.9299999999999999
NT23463,BDDD 100-7,ENHANCED_RISK,0.07000000000000002,5,5,0.0,0.17500000000000004,KA01669,BTTT 100,0.9299999999999999
YU56270,BOOO 200,ENHANCED_RISK,0.0,5,5,0.0,0.0,SI76404,BUUU 200,1.0
YU56270,CSVV 100,ENHANCED_RISK,0.0,5,5,0.0,0.0,SI76404,CSDD 200,1.0
YU56270,CSUU 100,ENHANCED_RISK,0.10500000000000002,5,5,0.17500000000000004,0.0,SI76404,CSMM 100,0.895
VE91633,BOOO 200-1-7,ENHANCED_RISK,0.09749999999999999,5,5,0.16249999999999998,0.0,GG69866,BUUU 200,0.9025
VE91633,CSXX 200,ENHANCED_RISK,0.0,5,5,0.0,0.0,GG69866,CSBB 300-3,1.0
VE91633,CSCC 100,ENHANCED_RISK,0.0,5,5,0.0,0.0,GG69866,CSSS 100,1.0
EE55409,CSOO 100,ENHANCED_RISK,0.0,5,5,0.0,0.0,HM81749,CSWW 300-1,1.0
YY49574,BEEE 300,ENHANCED_RISK,0.10500000000000002,5,5,0.17500000000000004,0.0,EQ20552,BZZZ 300,0.895
YY49574,CSXX 200,ENHANCED_RISK,0.15,5,5,0.25,0.0,EQ20552,CSBB 300-3,0.85
LL33767,CSLL 200,ENHANCED_RISK,0.24333333333333337,5,5,0.0,0.6083333333333334,GO44227,CSLL 100,0.7566666666666666
LL33767,BDDD 100-6,ENHANCED_RISK,0.1225,5,5,0.03749999999999998,0.25,GO44227,BVVV 200,0.8775
DW84212,CSXX 400,ENHANCED_RISK,0.0,5,5,0.0,0.0,IJ61029,CSGG 300,1.0
DW84212,BOOO 100,ENHANCED_RISK,0.22499999999999998,5,5,0.32499999999999996,0.07499999999999996,IJ61029,BPPP 100-4,0.775
DW84212,BAAA 100,ENHANCED_RISK,0.0,5,5,0.0,0.0,IJ61029,BRRR 200,1.0
ZB52812,BPPP 100-4,ENHANCED_RISK,0.0,5,5,0.0,0.0,BF06958,BOOO 100,1.0
WL78864,BEEE 100,ENHANCED_RISK,0.3,5,5,0.5,0.0,HU57875,BSSS 200,0.7
WL78864,CSVV 100,ENHANCED_RISK,0.15,5,5,0.25,0.0,HU57875,CSDD 200,0.85
DM00531,CSVV 100,ENHANCED_RISK,0.15,5,5,0.25,0.0,OI21918,CSDD 200,0.85
DM00531,CSLL 200,ENHANCED_RISK,0.15,5,5,0.25,0.0,OI21918,CSLL 100,0.85
DM00531,CSSS 200,ENHANCED_RISK,0.04499999999999997,5,5,0.07499999999999996,0.0,OI21918,CSRR 300,0.9550000000000001
TD57885,BEEE 400,ENHANCED_RISK,0.1,5,5,0.0,0.25,JJ55462,BNNN 300,0.9
TD57885,BDDD 100,ENHANCED_RISK,0.15249999999999997,5,5,0.03749999999999998,0.32499999999999996,JJ55462,BIII 200,0.8475
FY79625,CSUU 100,ENHANCED_RISK,0.0,5,5,0.0,0.0,GO44227,CSMM 100,1.0
QW32234,BBBB 100,ENHANCED_RISK,0.0,5,5,0.0,0.0,VR99953,BKKK 100,1.0
QW32234,CSMM 100,ENHANCED_RISK,0.3,5,5,0.5,0.0,VR99953,CSUU 100,0.7
QW32234,BOOO 200-1-7,ENHANCED_RISK,0.3175,5,5,0.3125,0.32499999999999996,VR99953,BUUU 200,0.6825
QW32234,BPPP 300,ENHANCED_RISK,0.0,5,5,0.0,0.0,VR99953,BKKK 300,1.0
YM96361,BOOO 100,ENHANCED_RISK,0.3,5,5,0.5,0.0,OF13781,BPPP 100-4,0.7
YM96361,BBBB 100,ENHANCED_RISK,0.44999999999999996,5,5,0.75,0.0,OF13781,BKKK 100,0.55
OX69491,BKKK 100,ENHANCED_RISK,0.0,5,5,0.0,0.0,HD72955,BBBB 100,1.0
OX69491,CSUU 100,ENHANCED_RISK,0.405,5,5,0.675,0.0,HD72955,CSMM 100,0.595
OX69491,BKKK 100-6,ENHANCED_RISK,0.24999999999999997,5,5,0.41666666666666663,0.0,HD72955,BEEE 100-7,0.75
OX69491,CSVV 100,ENHANCED_RISK,0.22499999999999998,5,5,0.375,0.0,HD72955,CSDD 200,0.775
RG32251,CSHH 100,ENHANCED_RISK,0.3,5,5,0.5,0.0,QK02290,CSOO 100-5,0.7
RG32251,CSDD 200-8,ENHANCED_RISK,0.0,5,5,0.0,0.0,QK02290,CSLL 200,1.0
YV44657,BOOO 200,ENHANCED_RISK,0.15,5,5,0.25,0.0,VQ35540,BUUU 200,0.85
YV44657,BDDD 100,ENHANCED_RISK,0.10500000000000002,5,5,0.17500000000000004,0.0,VQ35540,BIII 200,0.895
YD30649,CSUU 100,ENHANCED_RISK,0.019999999999999976,5,5,0.0,0.04999999999999993,JS72025,CSMM 100,0.98
YD30649,BFFF 200,ENHANCED_RISK,0.32999999999999996,5,5,0.33333333333333337,0.32499999999999996,JS72025,BMMM 400,0.67
YD30649,BOOO 100,ENHANCED_RISK,0.029999999999999985,5,5,0.0,0.07499999999999996,JS72025,BPPP 100-4,0.97
SA03777,CSOO 100,ENHANCED_RISK,0.345,5,5,0.575,0.0,LO25351,CSWW 300-1,0.655
SA03777,CSOO 100-5,ENHANCED_RISK,0.0,5,5,0.0,0.0,LO25351,CSHH 100,1.0
CG68095,CSLL 100,ENHANCED_RISK,0.6799999999999999,5,5,0.75,0.575,KH53546,CSLL 200,0.32000000000000006
CG68095,BFFF 200,ENHANCED_RISK,0.168,5,5,0.28,0.0,KH53546,BMMM 400,0.832
CG68095,BPPP 100-4,ENHANCED_RISK,0.6025,5,5,0.3375,1.0,KH53546,BOOO 100,0.39749999999999996
SR68348,CSOO 100-5,ENHANCED_RISK,0.0,5,5,0.0,0.0,SE99550,CSHH 100,1.0
OW69667,CSXX 200,ENHANCED_RISK,0.0,5,5,0.0,0.0,RO62994,CSBB 300-3,1.0
GV08194,BFFF 200,ENHANCED_RISK,0.08625000000000002,5,5,0.14375000000000004,0.0,GX14710,BMMM 400,0.91375
FB09581,CSXX 200,ENHANCED_RISK,0.10500000000000002,5,5,0.17500000000000004,0.0,KQ30860,CSBB 300-3,0.895
CO96743,BTTT 100,ENHANCED_RISK,0.4225,5,5,0.5375,0.25,HM31749,BPPP 100,0.5775
CO96743,CSUU 100,ENHANCED_RISK,0.22000000000000003,5,5,0.17500000000000004,0.2875,HM31749,CSMM 100,0.78
JB39329,CSDD 200-8,ENHANCED_RISK,0.0,5,5,0.0,0.0,KU91609,CSLL 200,1.0
JB39329,BEEE 100,ENHANCED_RISK,0.0,5,5,0.0,0.0,KU91609,BSSS 200,1.0
JB39329,CSVV 100,ENHANCED_RISK,0.255,5,5,0.42500000000000004,0.0,KU91609,CSDD 200,0.745
DL41424,CSVV 200-6,ENHANCED_RISK,0.3,5,5,0.5,0.0,HB37854,CSXX 300,0.7
EH69389,CSOO 100,ENHANCED_RISK,0.17666666666666667,5,5,0.0,0.44166666666666665,VR99953,CSWW 300-1,0.8233333333333334
RJ27696,CSVV 100,ENHANCED_RISK,0.04499999999999997,5,5,0.07499999999999996,0.0,OI78453,CSDD 200,0.9550000000000001
ZT64825,BMMM 300,ENHANCED_RISK,0.17500000000000004,5,5,0.17500000000000004,0.17500000000000004,FZ87372,BEEE 400,0.825
ZT64825,BKKK 100-6,ENHANCED_RISK,0.16000000000000003,5,5,0.125,0.21250000000000002,FZ87372,BEEE 100-7,0.84
ZT64825,CSGG 300,ENHANCED_RISK,0.27,5,5,0.0,0.675,FZ87372,CSVV 200-5,0.73
PI02213,BBBB 100,ENHANCED_RISK,0.0,5,5,0.0,0.0,EX11754,BKKK 100,1.0
QW60299,BOOO 200-1-7,ENHANCED_RISK,0.0,5,5,0.0,0.0,JO70813,BUUU 200,1.0
MX93733,BPPP 300,ENHANCED_RISK,0.07000000000000002,5,5,0.0,0.17500000000000004,KI89942,BKKK 300,0.9299999999999999
GM86272,CSGG 100,ENHANCED_RISK,0.0,5,5,0.0,0.0,JK40839,CSUU 100,1.0
GM86272,BDDD 100,ENHANCED_RISK,0.0,5,5,0.0,0.0,JK40839,BIII 200,1.0
JB50022,BKKK 100,ENHANCED_RISK,0.255,5,5,0.42500000000000004,0.0,EN79233,BBBB 100,0.745
JB50022,BOOO 200,ENHANCED_RISK,0.04499999999999997,5,5,0.07499999999999996,0.0,EN79233,BUUU 200,0.9550000000000001
UK11695,CSUU 100,ENHANCED_RISK,0.3,5,5,0.5,0.0,EX41570,CSMM 100,0.7
UK11695,CSSS 100,ENHANCED_RISK,0.0,5,5,0.0,0.0,EX41570,CSCC 100,1.0
UK11695,CSMM 100,ENHANCED_RISK,0.11999999999999997,5,5,0.19999999999999996,0.0,EX41570,CSUU 100,0.88
MJ88940,BWWW 300-7,ENHANCED_RISK,0.0,5,5,0.0,0.0,LH17447,BUUU 400,1.0
EZ53802,CSWW 300-1,ENHANCED_RISK,0.0,5,5,0.0,0.0,NQ74023,CSZZ 400,1.0
EZ53802,CSWW 300-8,ENHANCED_RISK,0.0,5,5,0.0,0.0,NQ74023,CSSS 300,1.0
EZ53802,BOOO 200-1,ENHANCED_RISK,0.022499999999999985,5,5,0.03749999999999998,0.0,NQ74023,BOOO 200-1-7,0.9775
EZ53802,BAAA 100,ENHANCED_RISK,0.0,5,5,0.0,0.0,NQ74023,BRRR 200,1.0
EZ53802,CSVV 100,ENHANCED_RISK,0.135,5,5,0.0,0.3375,NQ74023,CSDD 200,0.865
LQ08456,BDDD 100,ENHANCED_RISK,0.0,5,5,0.0,0.0,HP16567,BIII 200,1.0
NO81039,CSGG 100,ENHANCED_RISK,0.32999999999999996,5,5,0.5,0.07499999999999996,JA03661,CSUU 100,0.67
NO81039,CSVV 200-6,ENHANCED_RISK,0.0,5,5,0.0,0.0,JA03661,CSXX 300,1.0
NO81039,CSVV 200-5,ENHANCED_RISK,0.3,5,5,0.5,0.0,JA03661,CSGG 300,0.7
UR90897,BTTT 100,ENHANCED_RISK,0.0,5,5,0.0,0.0,IE05299,BPPP 100,1.0
UR90897,BKKK 100,ENHANCED_RISK,0.2775,5,5,0.4625,0.0,IE05299,BBBB 100,0.7224999999999999
QM86351,BAAA 100,ENHANCED_RISK,0.19499999999999998,5,5,0.32499999999999996,0.0,LT85603,BRRR 200,0.805
QM86351,CSHH 100,ENHANCED_RISK,0.0,5,5,0.0,0.0,LT85603,CSOO 100-5,1.0
QR36769,CSLL 200,ENHANCED_RISK,0.0,5,5,0.0,0.0,PN15247,CSLL 100,1.0
QR36769,CSMM 100,ENHANCED_RISK,0.0,5,5,0.0,0.0,PN15247,CSUU 100,1.0
QR36769,CSGG 100,ENHANCED_RISK,0.19499999999999998,5,5,0.32499999999999996,0.0,PN15247,CSUU 100,0.805
QR36769,BDDD 100,ENHANCED_RISK,0.0,5,5,0.0,0.0,PN15247,BIII 200,1.0
KJ92097,BOOO 200,ENHANCED_RISK,0.1366666666666667,5,5,0.0,0.3416666666666667,PI65808,BUUU 200,0.8633333333333333
KJ92097,BDDD 200,ENHANCED_RISK,0.27,5,5,0.0,0.675,PI65808,BPPP 300,0.73
IP47052,BBBB 100,ENHANCED_RISK,0.15,5,5,0.25,0.0,QR66526,BKKK 100,0.85
IP47052,BWWW 300,ENHANCED_RISK,0.10500000000000002,5,5,0.17500000000000004,0.0,QR66526,BVVV 200,0.895
IP47052,CSMM 100,ENHANCED_RISK,0.475,5,5,0.575,0.32499999999999996,QR66526,CSUU 100,0.525
IP47052,BSSS 400-4,ENHANCED_RISK,0.0,5,5,0.0,0.0,QR66526,BSSS 400,1.0
IP47052,CSOO 100-5,ENHANCED_RISK,0.04499999999999997,5,5,0.07499999999999996,0.0,QR66526,CSHH 100,0.9550000000000001
YZ13826,CSCC 100,ENHANCED_RISK,0.04499999999999997,5,5,0.07499999999999996,0.0,CH68474,CSSS 100,0.9550000000000001
YZ13826,CSXX 300,ENHANCED_RISK,0.12999999999999998,5,5,0.0,0.32499999999999996,CH68474,CSTT 300,0.87
MM28017,CSLL 200,ENHANCED_RISK,0.0,5,5,0.0,0.0,PE38077,CSLL 100,1.0
MM28017,CSXX 200,ENHANCED_RISK,0.0,5,5,0.0,0.0,PE38077,CSBB 300-3,1.0
MM28017,BKKK 100,ENHANCED_RISK,0.0,5,5,0.0,0.0,PE38077,BBBB 100,1.0
MM28017,CSUU 100,ENHANCED_RISK,0.0,5,5,0.0,0.0,PE38077,CSMM 100,1.0
MM28017,CSMM 100,ENHANCED_RISK,0.255,5,5,0.42500000000000004,0.0,PE38077,CSUU 100,0.745
GI86344,BDDD 100-7,ENHANCED_RISK,0.0,5,5,0.0,0.0,FM59787,BTTT 100,1.0
GI86344,BEEE 100,ENHANCED_RISK,0.1,5,5,0.0,0.25,FM59787,BSSS 200,0.9
KQ30860,CSOO 100,ENHANCED_RISK,0.25,5,5,0.0,0.625,FB09581,CSWW 300-1,0.75
BM33136,BOOO 200,ENHANCED_RISK,0.19499999999999998,5,5,0.32499999999999996,0.0,EX41570,BUUU 200,0.805
LH61642,BOOO 200-1-7,ENHANCED_RISK,0.17499999999999993,5,5,0.07499999999999996,0.32499999999999996,WJ97611,BUUU 200,0.8250000000000001
LH61642,BDDD 100,ENHANCED_RISK,0.29,5,5,0.375,0.16249999999999998,WJ97611,BIII 200,0.71
LH61642,CSWW 300-8,ENHANCED_RISK,0.0,5,5,0.0,0.0,WJ97611,CSSS 300,1.0
LH61642,CSLL 200,ENHANCED_RISK,0.29750000000000004,5,5,0.21250000000000002,0.42500000000000004,WJ97611,CSLL 100,0.7024999999999999
XK19911,CSLL 200,ENHANCED_RISK,0.0,5,5,0.0,0.0,KY68436,CSLL 100,1.0
UJ67890,BXXX 200,ENHANCED_RISK,0.04499999999999997,5,5,0.07499999999999996,0.0,IY69973,BDDD 100,0.9550000000000001
UJ67890,CSGG 300,ENHANCED_RISK,0.0,5,5,0.0,0.0,IY69973,CSVV 200-5,1.0
VU02769,BOOO 200-1-7,ENHANCED_RISK,0.12999999999999998,5,5,0.0,0.32499999999999996,IO33098,BUUU 200,0.87
RB98650,BOOO 200-1-7,ENHANCED_RISK,0.0,5,5,0.0,0.0,GV08194,BUUU 200,1.0
RB98650,CSVV 200-5,ENHANCED_RISK,0.10500000000000002,5,5,0.17500000000000004,0.0,GV08194,CSGG 300,0.895
YP96863,BOOO 100,ENHANCED_RISK,0.19499999999999998,5,5,0.32499999999999996,0.0,KR08328,BPPP 100-4,0.805
YZ47797,BOOO 100,ENHANCED_RISK,0.12999999999999998,5,5,0.0,0.32499999999999996,AY07432,BPPP 100-4,0.87
YZ47797,CSEE 200,ENHANCED_RISK,0.4,5,5,0.0,1.0,AY07432,CSMM 100,0.6
YZ47797,CSGG 100,ENHANCED_RISK,0.655,5,5,0.42500000000000004,1.0,AY07432,CSUU 100,0.345
YZ47797,CSCC 100,ENHANCED_RISK,0.029999999999999985,5,5,0.0,0.07499999999999996,AY07432,CSSS 100,0.97
SJ21340,CSOO 100-5,ENHANCED_RISK,0.4799999999999999,5,5,0.75,0.07499999999999996,DP94286,CSHH 100,0.52
TI84045,CSVV 200-5,ENHANCED_RISK,0.10500000000000002,5,5,0.17500000000000004,0.0,YT76794,CSGG 300,0.895
TI84045,CSWW 300-8,ENHANCED_RISK,0.0,5,5,0.0,0.0,YT76794,CSSS 300,1.0
TI84045,CSOO 100-5,ENHANCED_RISK,0.27999999999999997,5,5,0.25,0.32499999999999996,YT76794,CSHH 100,0.72
SR65383,BEEE 100,ENHANCED_RISK,0.17000000000000004,5,5,0.0,0.42500000000000004,JS72025,BSSS 200,0.83
OA77137,CSVV 200-5,ENHANCED_RISK,0.0,5,5,0.0,0.0,DH29782,CSGG 300,1.0
OA77137,CSOO 100,ENHANCED_RISK,0.255,5,5,0.42500000000000004,0.0,DH29782,CSWW 300-1,0.745
OA77137,CSGG 100,ENHANCED_RISK,0.19499999999999998,5,5,0.32499999999999996,0.0,DH29782,CSUU 100,0.805
RO62994,CSLL 200,ENHANCED_RISK,0.17000000000000004,5,5,0.0,0.42500000000000004,OW69667,CSLL 100,0.83
RO62994,CSUU 100,ENHANCED_RISK,0.355,5,5,0.42500000000000004,0.25,OW69667,CSMM 100,0.645
DP94286,BPPP 100-4,ENHANCED_RISK,0.345,5,5,0.575,0.0,SJ21340,BOOO 100,0.655
DP94286,BTTT 100,ENHANCED_RISK,0.0,5,5,0.0,0.0,SJ21340,BPPP 100,1.0
QB76984,BOOO 200,ENHANCED_RISK,0.15,5,5,0.25,0.0,YB12467,BUUU 200,0.85
QB76984,CSMM 100,ENHANCED_RISK,0.0,5,5,0.0,0.0,YB12467,CSUU 100,1.0
BW63311,CSYY 300,ENHANCED_RISK,0.0,5,5,0.0,0.0,XU26284,CSWW 300-8,1.0
BW63311,BWWW 300-7,ENHANCED_RISK,0.0,5,5,0.0,0.0,XU26284,BUUU 400,1.0
EI82612,CSXX 200,ENHANCED_RISK,0.0,5,5,0.0,0.0,TP48954,CSBB 300-3,1.0
EI82612,CSLL 100,ENHANCED_RISK,0.255,5,5,0.42500000000000004,0.0,TP48954,CSLL 200,0.745
EI82612,BPPP 100-4,ENHANCED_RISK,0.0,5,5,0.0,0.0,TP48954,BOOO 100,1.0
VY59115,BOOO 200,ENHANCED_RISK,0.0,5,5,0.0,0.0,AM23445,BUUU 200,1.0
VY59115,BAAA 100,ENHANCED_RISK,0.0,5,5,0.0,0.0,AM23445,BRRR 200,1.0
VY59115,CSDD 200-8,ENHANCED_RISK,0.0,5,5,0.0,0.0,AM23445,CSLL 200,1.0
VY59115,CSOO 100-5,ENHANCED_RISK,0.0,5,5,0.0,0.0,AM23445,CSHH 100,1.0
KR08328,CSCC 100,ENHANCED_RISK,0.24999999999999997,5,5,0.41666666666666663,0.0,IM35299,CSSS 100,0.75
KR08328,CSMM 100,ENHANCED_RISK,0.05250000000000001,5,5,0.08750000000000002,0.0,IM35299,CSUU 100,0.9475
PB53518,BDDD 100,ENHANCED_RISK,0.18500000000000003,5,5,0.0,0.4625,HV25022,BIII 200,0.815
PB53518,CSUU 100,ENHANCED_RISK,0.039999999999999994,5,5,0.0,0.09999999999999998,HV25022,CSMM 100,0.96
YQ83754,BDDD 100,ENHANCED_RISK,0.12999999999999998,5,5,0.0,0.32499999999999996,BS35175,BIII 200,0.87
YQ83754,BOOO 200,ENHANCED_RISK,0.1,5,5,0.0,0.25,BS35175,BUUU 200,0.9
MO73192,BDDD 100,ENHANCED_RISK,0.1275,5,5,0.21250000000000002,0.0,AK77343,BIII 200,0.8725
MO73192,CSXX 200,ENHANCED_RISK,0.0,5,5,0.0,0.0,AK77343,CSBB 300-3,1.0
QX01725,CSMM 100,ENHANCED_RISK,0.15999999999999998,5,5,0.07499999999999996,0.2875,BO21555,CSUU 100,0.8400000000000001
QX01725,BBBB 100,ENHANCED_RISK,0.165,5,5,0.0,0.4125,BO21555,BKKK 100,0.835
QX01725,CSUU 100,ENHANCED_RISK,0.265,5,5,0.25,0.2875,BO21555,CSMM 100,0.735
AT67514,BBBB 100,ENHANCED_RISK,0.029999999999999985,5,5,0.0,0.07499999999999996,RD07730,BKKK 100,0.97
AT67514,CSLL 200,ENHANCED_RISK,0.0,5,5,0.0,0.0,RD07730,CSLL 100,1.0
TF89563,BOOO 200,ENHANCED_RISK,0.0,5,5,0.0,0.0,DS78809,BUUU 200,1.0
QS88892,BDDD 100-6,ENHANCED_RISK,0.365,5,5,0.32499999999999996,0.42500000000000004,BN29255,BVVV 200,0.635
QS88892,BKKK 100,ENHANCED_RISK,0.0,5,5,0.0,0.0,BN29255,BBBB 100,1.0
QS88892,CSOO 100,ENHANCED_RISK,0.0,5,5,0.0,0.0,BN29255,CSWW 300-1,1.0
GZ96627,CSUU 100,ENHANCED_RISK,0.07999999999999997,5,5,0.1333333333333333,0.0,CW84107,CSMM 100,0.92
GZ96627,BPPP 100-4,ENHANCED_RISK,0.10500000000000002,5,5,0.17500000000000004,0.0,CW84107,BOOO 100,0.895
GZ96627,BEEE 100-7,ENHANCED_RISK,0.2625,5,5,0.4375,0.0,CW84107,BKKK 100-6,0.7375
GZ96627,CSOO 100-5,ENHANCED_RISK,0.0,5,5,0.0,0.0,CW84107,CSHH 100,1.0
NS21836,BAAA 100,ENHANCED_RISK,0.0,5,5,0.0,0.0,DU81516,BRRR 200,1.0
NS21836,BDDD 100,ENHANCED_RISK,0.345,5,5,0.575,0.0,DU81516,BIII 200,0.655
OI48144,CSUU 100,ENHANCED_RISK,0.0,5,5,0.0,0.0,WR86550,CSMM 100,1.0
RM83396,BOOO 200-1,ENHANCED_RISK,0.0,5,5,0.0,0.0,JK25831,BOOO 200-1-7,1.0
LH04652,CSSS 100,ENHANCED_RISK,0.0,5,5,0.0,0.0,FW77983,CSCC 100,1.0
LH04652,CSUU 100,ENHANCED_RISK,0.2,5,5,0.0,0.5,FW77983,CSMM 100,0.8
LH04652,CSOO 100,ENHANCED_RISK,0.07000000000000002,5,5,0.0,0.17500000000000004,FW77983,CSWW 300-1,0.9299999999999999
JU71401,BTTT 100,ENHANCED_RISK,0.06500000000000003,5,5,0.10833333333333339,0.0,RQ06533,BPPP 100,0.9349999999999999
JU71401,CSCC 100,ENHANCED_RISK,0.04499999999999997,5,5,0.07499999999999996,0.0,RQ06533,CSSS 100,0.9550000000000001
JU71401,BEEE 100-7,ENHANCED_RISK,0.23499999999999993,5,5,0.22499999999999987,0.25,RQ06533,BKKK 100-6,0.7650000000000001
JU71401,BEEE 100,ENHANCED_RISK,0.1,5,5,0.0,0.25,RQ06533,BSSS 200,0.9
JD53696,CSHH 100,ENHANCED_RISK,0.04499999999999997,5,5,0.07499999999999996,0.0,RT50111,CSOO 100-5,0.9550000000000001
JD53696,BMMM 300,ENHANCED_RISK,0.246,5,5,0.20999999999999996,0.30000000000000004,RT50111,BEEE 400,0.754
JD53696,CSMM 100,ENHANCED_RISK,0.3,5,5,0.5,0.0,RT50111,CSUU 100,0.7
CE80889,BWWW 300-7,ENHANCED_RISK,0.0,5,5,0.0,0.0,BX36606,BUUU 400,1.0
CE80889,CSOO 100,ENHANCED_RISK,0.19499999999999998,5,5,0.32499999999999996,0.0,BX36606,CSWW 300-1,0.805
CE80889,CSMM 100,ENHANCED_RISK,0.405,5,5,0.675,0.0,BX36606,CSUU 100,0.595
ZO49638,CSOO 100,ENHANCED_RISK,0.075,5,5,0.125,0.0,BO21555,CSWW 300-1,0.925
ZO49638,BPPP 100-4,ENHANCED_RISK,0.4,5,5,0.0,1.0,BO21555,BOOO 100,0.6
DP19750,BPPP 100-4,ENHANCED_RISK,0.25499999999999995,5,5,0.375,0.07499999999999996,BG43204,BOOO 100,0.7450000000000001
UN18932,CSOO 100-5,ENHANCED_RISK,0.19499999999999998,5,5,0.32499999999999996,0.0,QN27469,CSHH 100,0.805
YO21244,CSOO 100-5,ENHANCED_RISK,0.12999999999999998,5,5,0.0,0.32499999999999996,ZF08888,CSHH 100,0.87
YO21244,CSXX 300,ENHANCED_RISK,0.0,5,5,0.0,0.0,ZF08888,CSTT 300,1.0
SF42986,CSDD 300,ENHANCED_RISK,0.04499999999999997,5,5,0.07499999999999996,0.0,TZ66286,CSTT 400,0.9550000000000001
NY18834,BTTT 100,ENHANCED_RISK,0.1,5,5,0.0,0.25,DZ54535,BPPP 100,0.9
NY18834,BWWW 300-7,ENHANCED_RISK,0.0,5,5,0.0,0.0,DZ54535,BUUU 400,1.0
NY18834,CSMM 100,ENHANCED_RISK,0.0,5,5,0.0,0.0,DZ54535,CSUU 100,1.0
FB28646,CSHH 100,ENHANCED_RISK,0.0,5,5,0.0,0.0,UN18932,CSOO 100-5,1.0
LO25351,CSLL 200,ENHANCED_RISK,0.04499999999999997,5,5,0.07499999999999996,0.0,ZF08888,CSLL 100,0.9550000000000001
GW05948,CSYY 300,ENHANCED_RISK,0.0,5,5,0.0,0.0,AE95691,CSWW 300-8,1.0
CG25297,CSMM 100,ENHANCED_RISK,0.3,5,5,0.5,0.0,GG69866,CSUU 100,0.7
CG25297,CSVV 100,ENHANCED_RISK,0.44999999999999996,5,5,0.75,0.0,GG69866,CSDD 200,0.55
WU95413,CSVV 200-6,ENHANCED_RISK,0.0,5,5,0.0,0.0,LL33767,CSXX 300,1.0
WU95413,BEEE 100,ENHANCED_RISK,0.505,5,5,0.17500000000000004,1.0,LL33767,BSSS 200,0.495
XI81651,BFFF 200,ENHANCED_RISK,0.48124999999999996,5,5,0.41874999999999996,0.575,VT13106,BMMM 400,0.51875
XI81651,CSLL 100,ENHANCED_RISK,0.0,5,5,0.0,0.0,VT13106,CSLL 200,1.0
XI81651,BOOO 200-1-7,ENHANCED_RISK,0.075,5,5,0.125,0.0,VT13106,BUUU 200,0.925
XI81651,BDDD 100,ENHANCED_RISK,0.3,5,5,0.5,0.0,VT13106,BIII 200,0.7
OW75229,CSCC 100,ENHANCED_RISK,0.15,5,5,0.25,0.0,AZ95550,CSSS 100,0.85
OW75229,BFFF 200,ENHANCED_RISK,0.24749999999999997,5,5,0.4125,0.0,AZ95550,BMMM 400,0.7525000000000001
OW75229,BTTT 100,ENHANCED_RISK,0.04499999999999997,5,5,0.07499999999999996,0.0,AZ95550,BPPP 100,0.9550000000000001
OW75229,CSUU 100,ENHANCED_RISK,0.0,5,5,0.0,0.0,AZ95550,CSMM 100,1.0
SH57852,BDDD 100,ENHANCED_RISK,0.09749999999999999,5,5,0.16249999999999998,0.0,HI18274,BIII 200,0.9025
SH57852,CSXX 200,ENHANCED_RISK,0.255,5,5,0.42500000000000004,0.0,HI18274,CSBB 300-3,0.745
PE33789,CSXX 200,ENHANCED_RISK,0.17000000000000004,5,5,0.0,0.42500000000000004,SI59269,CSBB 300-3,0.83
OB53468,CSXX 200,ENHANCED_RISK,0.022499999999999985,5,5,0.03749999999999998,0.0,UR90897,CSBB 300-3,0.9775
OB53468,CSLL 200,ENHANCED_RISK,0.0,5,5,0.0,0.0,UR90897,CSLL 100,1.0
RB19995,CSGG 100,ENHANCED_RISK,0.44499999999999995,5,5,0.575,0.25,OR15403,CSUU 100,0.555
RB19995,BWWW 300,ENHANCED_RISK,0.15,5,5,0.25,0.0,OR15403,BVVV 200,0.85
RB19995,CSOO 100,ENHANCED_RISK,0.32000000000000006,5,5,0.25,0.42500000000000004,OR15403,CSWW 300-1,0.6799999999999999
RB19995,CSLL 100,ENHANCED_RISK,0.16499999999999998,5,5,0.25,0.03749999999999998,OR15403,CSLL 200,0.835
HI18274,BOOO 200-1-7,ENHANCED_RISK,0.4125,5,5,0.4125,0.4125,SH57852,BUUU 200,0.5875
HI18274,BDDD 100,ENHANCED_RISK,0.14499999999999996,5,5,0.07499999999999996,0.25,SH57852,BIII 200,0.855
PI07965,CSVV 100,ENHANCED_RISK,0.18,5,5,0.25,0.07499999999999996,SH05922,CSDD 200,0.8200000000000001
PI07965,BWWW 300-7,ENHANCED_RISK,0.0,5,5,0.0,0.0,SH05922,BUUU 400,1.0
QK02290,BDDD 100-7,ENHANCED_RISK,0.0,5,5,0.0,0.0,RG32251,BTTT 100,1.0
XG63956,BFFF 200,ENHANCED_RISK,0.18499999999999994,5,5,0.30833333333333324,0.0,DS78809,BMMM 400,0.8150000000000001
NU86304,BBBB 100,ENHANCED_RISK,0.10500000000000002,5,5,0.17500000000000004,0.0,CP51111,BKKK 100,0.895
HN57642,CSVV 100,ENHANCED_RISK,0.12999999999999998,5,5,0.0,0.32499999999999996,IE05299,CSDD 200,0.87
HN57642,CSOO 100,ENHANCED_RISK,0.22000000000000003,5,5,0.25,0.17500000000000004,IE05299,CSWW 300-1,0.78
HN57642,BTTT 100,ENHANCED_RISK,0.4,5,5,0.0,1.0,IE05299,BPPP 100,0.6
EV13512,CSLL 100,ENHANCED_RISK,0.04499999999999997,5,5,0.07499999999999996,0.0,EI82612,CSLL 200,0.9550000000000001
EV13512,BEEE 100,ENHANCED_RISK,0.16999999999999998,5,5,0.2833333333333333,0.0,EI82612,BSSS 200,0.8300000000000001
EV13512,CSHH 100,ENHANCED_RISK,0.0,5,5,0.0,0.0,EI82612,CSOO 100-5,1.0
EV13512,BTTT 100,ENHANCED_RISK,0.0,5,5,0.0,0.0,EI82612,BPPP 100,1.0
EV13512,BDDD 100-7,ENHANCED_RISK,0.0,5,5,0.0,0.0,EI82612,BTTT 100,1.0
OR15403,CSQQ 400,ENHANCED_RISK,0.23500000000000001,5,5,0.25,0.21250000000000002,RB19995,CSUU 400,0.765
OR15403,CSDD 300,ENHANCED_RISK,0.09749999999999999,5,5,0.16249999999999998,0.0,RB19995,CSTT 400,0.9025
OR15403,BAAA 100,ENHANCED_RISK,0.1,5,5,0.0,0.25,RB19995,BRRR 200,0.9
OR15403,CSVV 300,ENHANCED_RISK,0.014999999999999993,5,5,0.0,0.03749999999999998,RB19995,CSBB 300-3,0.985
AK49449,BDDD 100,ENHANCED_RISK,0.15,5,5,0.25,0.0,GK73584,BIII 200,0.85
CC42388,BEEE 100,ENHANCED_RISK,0.0,5,5,0.0,0.0,QO91675,BSSS 200,1.0
JI42994,BOOO 200,ENHANCED_RISK,0.255,5,5,0.42500000000000004,0.0,QV36123,BUUU 200,0.745
JI42994,CSDD 200-8,ENHANCED_RISK,0.04499999999999997,5,5,0.07499999999999996,0.0,QV36123,CSLL 200,0.9550000000000001
JI42994,CSGG 100,ENHANCED_RISK,0.0,5,5,0.0,0.0,QV36123,CSUU 100,1.0
JI42994,BKKK 100-6,ENHANCED_RISK,0.24749999999999997,5,5,0.4125,0.0,QV36123,BEEE 100-7,0.7525000000000001
JI42994,CSCC 100,ENHANCED_RISK,0.22499999999999998,5,5,0.375,0.0,QV36123,CSSS 100,0.775
JJ55462,CSOO 100-5,ENHANCED_RISK,0.06499999999999999,5,5,0.0,0.16249999999999998,TD57885,CSHH 100,0.935
JH15328,BDDD 200,ENHANCED_RISK,0.0,5,5,0.0,0.0,CO11948,BPPP 300,1.0
JH15328,BPPP 300,ENHANCED_RISK,0.0,5,5,0.0,0.0,CO11948,BKKK 300,1.0
TN93692,BBBB 100,ENHANCED_RISK,0.10500000000000002,5,5,0.17500000000000004,0.0,XS19374,BKKK 100,0.895
TN93692,BEEE 100,ENHANCED_RISK,0.10500000000000002,5,5,0.17500000000000004,0.0,XS19374,BSSS 200,0.895
TN93692,CSDD 200-8,ENHANCED_RISK,0.19499999999999998,5,5,0.32499999999999996,0.0,XS19374,CSLL 200,0.805
TN93692,CSVV 200-6,ENHANCED_RISK,0.19499999999999998,5,5,0.32499999999999996,0.0,XS19374,CSXX 300,0.805
BW01652,BXXX 200,ENHANCED_RISK,0.2,5,5,0.0,0.5,FC46292,BDDD 100,0.8
BW01652,CSVV 100,ENHANCED_RISK,0.0,5,5,0.0,0.0,FC46292,CSDD 200,1.0
BW01652,BDDD 200,ENHANCED_RISK,0.0,5,5,0.0,0.0,FC46292,BPPP 300,1.0
NO43056,BEEE 100-7,ENHANCED_RISK,0.2,5,5,0.1333333333333333,0.30000000000000004,RD07730,BKKK 100-6,0.8
NO43056,CSLL 200,ENHANCED_RISK,0.345,5,5,0.575,0.0,RD07730,CSLL 100,0.655
VR99953,CSOO 100,ENHANCED_RISK,0.0,5,5,0.0,0.0,EH69389,CSWW 300-1,1.0
OY43189,CSHH 100,ENHANCED_RISK,0.24749999999999997,5,5,0.4125,0.0,YY49574,CSOO 100-5,0.7525000000000001
GC26691,BDDD 100-7,ENHANCED_RISK,0.35,5,5,0.25,0.5,XL21536,BTTT 100,0.65
GC26691,CSXX 200,ENHANCED_RISK,0.26999999999999996,5,5,0.44999999999999996,0.0,XL21536,CSBB 300-3,0.73
EW60546,CSHH 100,ENHANCED_RISK,0.10500000000000002,5,5,0.17500000000000004,0.0,UN18932,CSOO 100-5,0.895
EW60546,CSUU 100,ENHANCED_RISK,0.0,5,5,0.0,0.0,UN18932,CSMM 100,1.0
EW60546,CSDD 200-8,ENHANCED_RISK,0.0,5,5,0.0,0.0,UN18932,CSLL 200,1.0
EW60546,BPPP 100-4,ENHANCED_RISK,0.215,5,5,0.0,0.5375,UN18932,BOOO 100,0.785
LB06281,CSCC 100,ENHANCED_RISK,0.075,5,5,0.125,0.0,GL38366,CSSS 100,0.925
EP82043,BFFF 200,ENHANCED_RISK,0.18300000000000005,5,5,0.2550000000000001,0.07499999999999996,JU71401,BMMM 400,0.817
EP82043,CSXX 200,ENHANCED_RISK,0.15249999999999997,5,5,0.03749999999999998,0.32499999999999996,JU71401,CSBB 300-3,0.8475
EP82043,BOOO 100,ENHANCED_RISK,0.47750000000000004,5,5,0.4625,0.5,JU71401,BPPP 100-4,0.5225
EP82043,CSWW 300-8,ENHANCED_RISK,0.0,5,5,0.0,0.0,JU71401,CSSS 300,1.0
LW43189,BUUU 200,ENHANCED_RISK,0.14499999999999996,5,5,0.07499999999999996,0.25,IC64770,BOOO 200-1-7,0.855
LW43189,CSTT 300,ENHANCED_RISK,0.0,5,5,0.0,0.0,IC64770,CSXX 300,1.0
LW43189,CSBB 300,ENHANCED_RISK,0.0,5,5,0.0,0.0,IC64770,CSSS 300,1.0
CZ30173,CSXX 200,ENHANCED_RISK,0.0,5,5,0.0,0.0,RA35570,CSBB 300-3,1.0
EP07909,BEEE 100-7,ENHANCED_RISK,0.075,5,5,0.125,0.0,HG70562,BKKK 100-6,0.925
PA17486,CSHH 100,ENHANCED_RISK,0.19499999999999998,5,5,0.32499999999999996,0.0,BL66072,CSOO 100-5,0.805
PA17486,BOOO 200-1,ENHANCED_RISK,0.0,5,5,0.0,0.0,BL66072,BOOO 200-1-7,1.0
PA17486,CSDD 200-8,ENHANCED_RISK,0.15,5,5,0.25,0.0,BL66072,CSLL 200,0.85
EO88283,CSDD 200-7,ENHANCED_RISK,0.0,5,5,0.0,0.0,AA20434,CSVV 100,1.0
EO88283,CSOO 100-5,ENHANCED_RISK,0.0,5,5,0.0,0.0,AA20434,CSHH 100,1.0
HU57875,CSVV 200-5,ENHANCED_RISK,0.345,5,5,0.575,0.0,DW84212,CSGG 300,0.655
DW27167,CSUU 100,ENHANCED_RISK,0.1466666666666667,5,5,0.0,0.3666666666666667,QA17679,CSMM 100,0.8533333333333333
DW27167,BOOO 200,ENHANCED_RISK,0.0,5,5,0.0,0.0,QA17679,BUUU 200,1.0
FD39358,CSLL 200,ENHANCED_RISK,0.18499999999999994,5,5,0.30833333333333324,0.0,MS16516,CSLL 100,0.8150000000000001
FD39358,CSGG 100,ENHANCED_RISK,0.44999999999999996,5,5,0.75,0.0,MS16516,CSUU 100,0.55
FD39358,CSWW 300-8,ENHANCED_RISK,0.0,5,5,0.0,0.0,MS16516,CSSS 300,1.0
JK40839,CSQQ 400,ENHANCED_RISK,0.03500000000000001,5,5,0.0,0.08750000000000002,HA42507,CSUU 400,0.965
PN47721,BDDD 100,ENHANCED_RISK,0.15,5,5,0.25,0.0,XF22811,BIII 200,0.85
PN47721,BEEE 100-7,ENHANCED_RISK,0.10124999999999997,5,5,0.16874999999999996,0.0,XF22811,BKKK 100-6,0.89875
PN47721,CSVV 100,ENHANCED_RISK,0.022499999999999985,5,5,0.03749999999999998,0.0,XF22811,CSDD 200,0.9775
DX28866,CSLL 200,ENHANCED_RISK,0.0,5,5,0.0,0.0,OF13781,CSLL 100,1.0
DX28866,CSUU 100,ENHANCED_RISK,0.15500000000000003,5,5,0.17500000000000004,0.125,OF13781,CSMM 100,0.845
BN29255,CSMM 100,ENHANCED_RISK,0.0,5,5,0.0,0.0,QS88892,CSUU 100,1.0
VN80893,BMMM 300,ENHANCED_RISK,0.24000000000000005,5,5,0.17500000000000004,0.3375,SE10353,BEEE 400,0.76
VN80893,BOOO 200-1-7,ENHANCED_RISK,0.0,5,5,0.0,0.0,SE10353,BUUU 200,1.0
VN80893,BBBB 100,ENHANCED_RISK,0.1,5,5,0.0,0.25,SE10353,BKKK 100,0.9
VN80893,CSZZ 400,ENHANCED_RISK,0.15,5,5,0.25,0.0,SE10353,CSWW 300-1,0.85
BI48977,BPPP 100-4,ENHANCED_RISK,0.345,5,5,0.575,0.0,PB56431,BOOO 100,0.655
BI48977,BFFF 200,ENHANCED_RISK,0.022499999999999985,5,5,0.03749999999999998,0.0,PB56431,BMMM 400,0.9775
BV39579,BTTT 100,ENHANCED_RISK,0.0,5,5,0.0,0.0,MJ36928,BPPP 100,1.0
BV39579,BDDD 100-7,ENHANCED_RISK,0.2025,5,5,0.3375,0.0,MJ36928,BTTT 100,0.7975
JQ42495,CSSS 200,ENHANCED_RISK,0.0,5,5,0.0,0.0,EM08376,CSRR 300,1.0
JQ42495,CSGG 100,ENHANCED_RISK,0.2675,5,5,0.16249999999999998,0.42500000000000004,EM08376,CSUU 100,0.7324999999999999
YT76794,BDDD 100-7,ENHANCED_RISK,0.04499999999999997,5,5,0.07499999999999996,0.0,TI84045,BTTT 100,0.9550000000000001
YT76794,CSVV 200-6,ENHANCED_RISK,0.0,5,5,0.0,0.0,TI84045,CSXX 300,1.0
PE38077,CSXX 200,ENHANCED_RISK,0.0,5,5,0.0,0.0,MM28017,CSBB 300-3,1.0
PE38077,BKKK 100,ENHANCED_RISK,0.0,5,5,0.0,0.0,MM28017,BBBB 100,1.0
PE38077,BDDD 100,ENHANCED_RISK,0.1275,5,5,0.21250000000000002,0.0,MM28017,BIII 200,0.8725
PE38077,BDDD 100-7,ENHANCED_RISK,0.0,5,5,0.0,0.0,MM28017,BTTT 100,1.0
PE38077,CSVV 200-6,ENHANCED_RISK,0.10500000000000002,5,5,0.17500000000000004,0.0,MM28017,CSXX 300,0.895
OL13449,BOOO 100,ENHANCED_RISK,0.0,5,5,0.0,0.0,OQ52775,BPPP 100-4,1.0
OL13449,CSHH 100,ENHANCED_RISK,0.0,5,5,0.0,0.0,OQ52775,CSOO 100-5,1.0
OL13449,CSXX 200,ENHANCED_RISK,0.0,5,5,0.0,0.0,OQ52775,CSBB 300-3,1.0
OL13449,BOOO 200-1-7,ENHANCED_RISK,0.19499999999999998,5,5,0.32499999999999996,0.0,OQ52775,BUUU 200,0.805
MW53938,CSGG 100,ENHANCED_RISK,0.2025,5,5,0.3375,0.0,SV27088,CSUU 100,0.7975
MW53938,BEEE 100-7,ENHANCED_RISK,0.23625000000000002,5,5,0.39375000000000004,0.0,SV27088,BKKK 100-6,0.7637499999999999
MW53938,BOOO 200,ENHANCED_RISK,0.2025,5,5,0.3375,0.0,SV27088,BUUU 200,0.7975
MW53938,BDDD 100,ENHANCED_RISK,0.0,5,5,0.0,0.0,SV27088,BIII 200,1.0
DS02714,CSSS 100,ENHANCED_RISK,0.0,5,5,0.0,0.0,HM81749,CSCC 100,1.0
DS02714,BAAA 100,ENHANCED_RISK,0.0,5,5,0.0,0.0,HM81749,BRRR 200,1.0
RB69718,CSVV 100,ENHANCED_RISK,0.22499999999999998,5,5,0.375,0.0,HD72955,CSDD 200,0.775
RB69718,BWWW 300,ENHANCED_RISK,0.24749999999999997,5,5,0.4125,0.0,HD72955,BVVV 200,0.7525000000000001
SH05922,CSCC 100,ENHANCED_RISK,0.255,5,5,0.42500000000000004,0.0,PI07965,CSSS 100,0.745
QA44159,BDDD 100-7,ENHANCED_RISK,0.345,5,5,0.575,0.0,TX63781,BTTT 100,0.655
AZ95550,BOOO 200-1-7,ENHANCED_RISK,0.0,5,5,0.0,0.0,OW75229,BUUU 200,1.0
ZX74119,CSMM 100,ENHANCED_RISK,0.1275,5,5,0.21250000000000002,0.0,XO95883,CSUU 100,0.8725
ZX74119,BKKK 100,ENHANCED_RISK,0.022499999999999985,5,5,0.03749999999999998,0.0,XO95883,BBBB 100,0.9775
YB12467,BFFF 200,ENHANCED_RISK,0.23500000000000004,5,5,0.275,0.17500000000000004,KS73999,BMMM 400,0.7649999999999999
YB12467,CSGG 100,ENHANCED_RISK,0.0,5,5,0.0,0.0,KS73999,CSUU 100,1.0
QX56366,BOOO 200,ENHANCED_RISK,0.04499999999999997,5,5,0.07499999999999996,0.0,ET45318,BUUU 200,0.9550000000000001
QX56366,BEEE 100,ENHANCED_RISK,0.07999999999999997,5,5,0.1333333333333333,0.0,ET45318,BSSS 200,0.92
QX56366,BBBB 100,ENHANCED_RISK,0.6,5,5,1.0,0.0,ET45318,BKKK 100,0.4
QX56366,BDDD 100-6,ENHANCED_RISK,0.15,5,5,0.25,0.0,ET45318,BVVV 200,0.85
IG51072,BFFF 200,ENHANCED_RISK,0.34500000000000003,5,5,0.07499999999999996,0.75,GO91642,BMMM 400,0.655
CH96798,BAAA 100,ENHANCED_RISK,0.19499999999999998,5,5,0.32499999999999996,0.0,EU46794,BRRR 200,0.805
CH96798,BDDD 100-6,ENHANCED_RISK,0.16499999999999995,5,5,0.2749999999999999,0.0,EU46794,BVVV 200,0.8350000000000001
KE65767,CSUU 100,ENHANCED_RISK,0.10500000000000002,5,5,0.17500000000000004,0.0,XD98281,CSMM 100,0.895
QN65878,CSOO 100-5,ENHANCED_RISK,0.0,5,5,0.0,0.0,AV38083,CSHH 100,1.0
QN65878,CSMM 100,ENHANCED_RISK,0.0,5,5,0.0,0.0,AV38083,CSUU 100,1.0
HJ26191,CSVV 200-6,ENHANCED_RISK,0.3,5,5,0.5,0.0,AL57800,CSXX 300,0.7
HJ26191,CSQQ 400,ENHANCED_RISK,0.15000000000000002,5,5,0.0,0.375,AL57800,CSUU 400,0.85
EQ20552,BEEE 100-7,ENHANCED_RISK,0.297,5,5,0.21999999999999997,0.4125,XY08116,BKKK 100-6,0.7030000000000001
EQ20552,BWWW 300-7,ENHANCED_RISK,0.0,5,5,0.0,0.0,XY08116,BUUU 400,1.0
EQ20552,CSLL 200,ENHANCED_RISK,0.125,5,5,0.125,0.125,XY08116,CSLL 100,0.875
EQ20552,CSVV 200,ENHANCED_RISK,0.029999999999999985,5,5,0.0,0.07499999999999996,XY08116,CSQQ 400,0.97
AA20434,BWWW 300-7,ENHANCED_RISK,0.19499999999999998,5,5,0.32499999999999996,0.0,EO88283,BUUU 400,0.805
TX63781,BPPP 100-4,ENHANCED_RISK,0.0,5,5,0.0,0.0,QA44159,BOOO 100,1.0
PB00826,BOOO 200-1,ENHANCED_RISK,0.38,5,5,0.25,0.575,AB52055,BOOO 200-1-7,0.62
PB00826,CSOO 100-5,ENHANCED_RISK,0.04499999999999997,5,5,0.07499999999999996,0.0,AB52055,CSHH 100,0.9550000000000001
IJ61029,CSVV 200,ENHANCED_RISK,0.1566666666666667,5,5,0.0,0.3916666666666667,DW84212,CSQQ 400,0.8433333333333333
ZM78788,BEEE 100,ENHANCED_RISK,0.0,5,5,0.0,0.0,BG43204,BSSS 200,1.0
ZM78788,CSVV 100,ENHANCED_RISK,0.0,5,5,0.0,0.0,BG43204,CSDD 200,1.0
SG43732,CSOO 100-5,ENHANCED_RISK,0.19499999999999998,5,5,0.32499999999999996,0.0,KU91609,CSHH 100,0.805
SG43732,CSLL 100,ENHANCED_RISK,0.3,5,5,0.5,0.0,KU91609,CSLL 200,0.7
SG43732,BOOO 200-1-7,ENHANCED_RISK,0.0,5,5,0.0,0.0,KU91609,BUUU 200,1.0
LL00603,BDDD 100-7,ENHANCED_RISK,0.022499999999999985,5,5,0.03749999999999998,0.0,ZF08888,BTTT 100,0.9775
LL00603,CSVV 200-6,ENHANCED_RISK,0.029999999999999985,5,5,0.0,0.07499999999999996,ZF08888,CSXX 300,0.97
XF02424,CSDD 200-8,ENHANCED_RISK,0.0,5,5,0.0,0.0,CD54925,CSLL 200,1.0
XF02424,BDDD 100-7,ENHANCED_RISK,0.05250000000000001,5,5,0.08750000000000002,0.0,CD54925,BTTT 100,0.9475
SI97003,BTTT 100,ENHANCED_RISK,0.04499999999999997,5,5,0.07499999999999996,0.0,DN82087,BPPP 100,0.9550000000000001
SI97003,CSOO 100,ENHANCED_RISK,0.07999999999999997,5,5,0.1333333333333333,0.0,DN82087,CSWW 300-1,0.92
VA53013,CSCC 100,ENHANCED_RISK,0.0,5,5,0.0,0.0,VX77803,CSSS 100,1.0
VA53013,BOOO 200,ENHANCED_RISK,0.0,5,5,0.0,0.0,VX77803,BUUU 200,1.0
VA53013,CSLL 100,ENHANCED_RISK,0.15,5,5,0.25,0.0,VX77803,CSLL 200,0.85
IL09453,CSVV 100,ENHANCED_RISK,0.029999999999999985,5,5,0.0,0.07499999999999996,FX10496,CSDD 200,0.97
IL09453,CSVV 200,ENHANCED_RISK,0.5,5,5,0.5,0.5,FX10496,CSQQ 400,0.5
ZY86464,CSLL 200,ENHANCED_RISK,0.3,5,5,0.5,0.0,KP54194,CSLL 100,0.7
ZY86464,CSOO 100,ENHANCED_RISK,0.04499999999999997,5,5,0.07499999999999996,0.0,KP54194,CSWW 300-1,0.9550000000000001
FK91491,CSGG 100,ENHANCED_RISK,0.3,5,5,0.5,0.0,FH04432,CSUU 100,0.7
MU66491,BDDD 100-7,ENHANCED_RISK,0.0,5,5,0.0,0.0,SY90566,BTTT 100,1.0
MU66491,BTTT 100,ENHANCED_RISK,0.0,5,5,0.0,0.0,SY90566,BPPP 100,1.0
MU66491,CSCC 100,ENHANCED_RISK,0.0,5,5,0.0,0.0,SY90566,CSSS 100,1.0
MU66491,CSLL 200,ENHANCED_RISK,0.07000000000000002,5,5,0.0,0.17500000000000004,SY90566,CSLL 100,0.9299999999999999
MU66491,CSVV 100,ENHANCED_RISK,0.0,5,5,0.0,0.0,SY90566,CSDD 200,1.0
EU46794,BKKK 100-6,ENHANCED_RISK,0.235,5,5,0.22499999999999998,0.25,CH96798,BEEE 100-7,0.765
EU46794,CSLL 200,ENHANCED_RISK,0.04499999999999997,5,5,0.07499999999999996,0.0,CH96798,CSLL 100,0.9550000000000001
SG83698,BEEE 100,ENHANCED_RISK,0.405,5,5,0.675,0.0,IO33098,BSSS 200,0.595
SG83698,CSHH 100,ENHANCED_RISK,0.0,5,5,0.0,0.0,IO33098,CSOO 100-5,1.0
QI98482,CSOO 100-5,ENHANCED_RISK,0.3,5,5,0.5,0.0,SV27088,CSHH 100,0.7
DS78809,CSVV 100,ENHANCED_RISK,0.0,5,5,0.0,0.0,TF89563,CSDD 200,1.0
DS78809,BDDD 100,ENHANCED_RISK,0.12999999999999998,5,5,0.0,0.32499999999999996,TF89563,BIII 200,0.87
RQ06533,CSOO 100,ENHANCED_RISK,0.12999999999999998,5,5,0.0,0.32499999999999996,JU71401,CSWW 300-1,0.87
RQ06533,BDDD 100,ENHANCED_RISK,0.10500000000000002,5,5,0.17500000000000004,0.0,JU71401,BIII 200,0.895
RQ06533,CSLL 100,ENHANCED_RISK,0.2025,5,5,0.3375,0.0,JU71401,CSLL 200,0.7975
RQ06533,CSLL 200,ENHANCED_RISK,0.345,5,5,0.575,0.0,JU71401,CSLL 100,0.655
PN15247,BOOO 200-1,ENHANCED_RISK,0.0,5,5,0.0,0.0,SY90566,BOOO 200-1-7,1.0
PN15247,CSGG 100,ENHANCED_RISK,0.19499999999999998,5,5,0.32499999999999996,0.0,SY90566,CSUU 100,0.805
PN15247,BBBB 100,ENHANCED_RISK,0.0,5,5,0.0,0.0,SY90566,BKKK 100,1.0
HJ01440,BGGG 200,ENHANCED_RISK,0.41,5,5,0.575,0.16249999999999998,JJ55462,BVVV 200,0.5900000000000001
HJ01440,CSOO 100,ENHANCED_RISK,0.315,5,5,0.25,0.4125,JJ55462,CSWW 300-1,0.685
HJ01440,CSGG 100,ENHANCED_RISK,0.35,5,5,0.25,0.5,JJ55462,CSUU 100,0.65
HJ01440,BWWW 300-7,ENHANCED_RISK,0.07000000000000002,5,5,0.0,0.17500000000000004,JJ55462,BUUU 400,0.9299999999999999
BX36606,CSCC 100,ENHANCED_RISK,0.0,5,5,0.0,0.0,CE80889,CSSS 100,1.0
BX36606,BBBB 100,ENHANCED_RISK,0.0,5,5,0.0,0.0,CE80889,BKKK 100,1.0
BX36606,CSVV 100,ENHANCED_RISK,0.10500000000000002,5,5,0.17500000000000004,0.0,CE80889,CSDD 200,0.895
PL26091,BKKK 100,ENHANCED_RISK,0.0,5,5,0.0,0.0,NU22558,BBBB 100,1.0
QV36123,BOOO 100,ENHANCED_RISK,0.255,5,5,0.42500000000000004,0.0,JI42994,BPPP 100-4,0.745
OI78453,BOOO 100,ENHANCED_RISK,0.09749999999999999,5,5,0.16249999999999998,0.0,RJ27696,BPPP 100-4,0.9025
SE10353,BPPP 300,ENHANCED_RISK,0.255,5,5,0.42500000000000004,0.0,VN80893,BKKK 300,0.745
SE10353,CSWW 300-8,ENHANCED_RISK,0.1,5,5,0.0,0.25,VN80893,CSSS 300,0.9
SL08783,BWWW 300-7,ENHANCED_RISK,0.285,5,5,0.475,0.0,SO48713,BUUU 400,0.7150000000000001
SL08783,CSUU 100,ENHANCED_RISK,0.04666666666666668,5,5,0.0,0.1166666666666667,SO48713,CSMM 100,0.9533333333333334
FX10496,BTTT 100,ENHANCED_RISK,0.0,5,5,0.0,0.0,IL09453,BPPP 100,1.0
RD63673,BTTT 400,ENHANCED_RISK,0.255,5,5,0.42500000000000004,0.0,YO21244,BSSS 400,0.745
RD63673,CSGG 100,ENHANCED_RISK,0.44999999999999996,5,5,0.75,0.0,YO21244,CSUU 100,0.55
RD63673,CSXX 200,ENHANCED_RISK,0.0,5,5,0.0,0.0,YO21244,CSBB 300-3,1.0
RD63673,BDDD 100,ENHANCED_RISK,0.5025,5,5,0.5875,0.375,YO21244,BIII 200,0.49750000000000005
CX78489,CSVV 100,ENHANCED_RISK,0.0,5,5,0.0,0.0,NV21553,CSDD 200,1.0
CX78489,BPPP 100-4,ENHANCED_RISK,0.04499999999999997,5,5,0.07499999999999996,0.0,NV21553,BOOO 100,0.9550000000000001
CX78489,CSLL 100,ENHANCED_RISK,0.19499999999999998,5,5,0.32499999999999996,0.0,NV21553,CSLL 200,0.805
CX78489,BOOO 100,ENHANCED_RISK,0.0,5,5,0.0,0.0,NV21553,BPPP 100-4,1.0
DT26061,BTTT 100,ENHANCED_RISK,0.1725,5,5,0.2875,0.0,TF50728,BPPP 100,0.8275
DT26061,CSXX 200,ENHANCED_RISK,0.09749999999999999,5,5,0.16249999999999998,0.0,TF50728,CSBB 300-3,0.9025
VQ28724,CSHH 100,ENHANCED_RISK,0.19499999999999998,5,5,0.32499999999999996,0.0,GG00479,CSOO 100-5,0.805
VQ28724,BBBB 100,ENHANCED_RISK,0.3,5,5,0.5,0.0,GG00479,BKKK 100,0.7
VQ28724,BAAA 100,ENHANCED_RISK,0.0,5,5,0.0,0.0,GG00479,BRRR 200,1.0
GB64176,BDDD 100-7,ENHANCED_RISK,0.0,5,5,0.0,0.0,FI34178,BTTT 100,1.0
GB64176,CSOO 100,ENHANCED_RISK,0.15,5,5,0.25,0.0,FI34178,CSWW 300-1,0.85
GB64176,BEEE 100,ENHANCED_RISK,0.0,5,5,0.0,0.0,FI34178,BSSS 200,1.0
HD00935,CSLL 200,ENHANCED_RISK,0.355,5,5,0.42500000000000004,0.25,OE55372,CSLL 100,0.645
HD00935,BPPP 100-4,ENHANCED_RISK,0.32499999999999996,5,5,0.375,0.25,OE55372,BOOO 100,0.675
HD00935,BKKK 100,ENHANCED_RISK,0.345,5,5,0.575,0.0,OE55372,BBBB 100,0.655
BQ58840,BCCC 300,ENHANCED_RISK,0.17000000000000004,5,5,0.0,0.42500000000000004,LF81006,BIII 200,0.83
BQ58840,BBBB 100,ENHANCED_RISK,0.06499999999999999,5,5,0.0,0.16249999999999998,LF81006,BKKK 100,0.935
BQ58840,CSVV 100,ENHANCED_RISK,0.31625000000000003,5,5,0.1937500000000001,0.5,LF81006,CSDD 200,0.68375
BQ58840,CSDD 200-7,ENHANCED_RISK,0.2,5,5,0.0,0.5,LF81006,CSVV 100,0.8
ZH53474,BDDD 100-6,ENHANCED_RISK,0.050000000000000024,5,5,0.08333333333333337,0.0,BQ11368,BVVV 200,0.95
ZH53474,BOOO 200,ENHANCED_RISK,0.0,5,5,0.0,0.0,BQ11368,BUUU 200,1.0
ZH53474,BOOO 200-1-7,ENHANCED_RISK,0.0,5,5,0.0,0.0,BQ11368,BUUU 200,1.0
KA01669,CSMM 100,ENHANCED_RISK,0.04499999999999997,5,5,0.07499999999999996,0.0,OU85187,CSUU 100,0.9550000000000001
KA01669,CSVV 200-6,ENHANCED_RISK,0.3,5,5,0.5,0.0,OU85187,CSXX 300,0.7
ZQ78551,BAAA 100,ENHANCED_RISK,0.0,5,5,0.0,0.0,KC53191,BRRR 200,1.0
ZQ78551,CSMM 100,ENHANCED_RISK,0.2025,5,5,0.3375,0.0,KC53191,CSUU 100,0.7975
YV74292,CSVV 200-6,ENHANCED_RISK,0.15,5,5,0.25,0.0,EH69389,CSXX 300,0.85
YV74292,CSDD 200-8,ENHANCED_RISK,0.3,5,5,0.5,0.0,EH69389,CSLL 200,0.7
YV74292,CSQQ 400,ENHANCED_RISK,0.05249999999999997,5,5,0.03749999999999998,0.07499999999999996,EH69389,CSUU 400,0.9475
YV74292,CSGG 300,ENHANCED_RISK,0.42999999999999994,5,5,0.5,0.32499999999999996,EH69389,CSVV 200-5,0.5700000000000001
YV74292,CSOO 100-5,ENHANCED_RISK,0.22999999999999998,5,5,0.3833333333333333,0.0,EH69389,CSHH 100,0.77
MZ12172,BOOO 100,ENHANCED_RISK,0.04499999999999997,5,5,0.07499999999999996,0.0,KI89942,BPPP 100-4,0.9550000000000001
PL19003,CSVV 100,ENHANCED_RISK,0.0,5,5,0.0,0.0,QL69362,CSDD 200,1.0
PL19003,BOOO 200-1-7,ENHANCED_RISK,0.0,5,5,0.0,0.0,QL69362,BUUU 200,1.0
PL19003,CSUU 100,ENHANCED_RISK,0.0,5,5,0.0,0.0,QL69362,CSMM 100,1.0
HD72955,CSZZ 400,ENHANCED_RISK,0.15000000000000002,5,5,0.0,0.375,RB69718,CSWW 300-1,0.85
HD72955,CSSS 300,ENHANCED_RISK,0.25,5,5,0.0,0.625,RB69718,CSWW 300-8,0.75
HD72955,BDDD 100,ENHANCED_RISK,0.365,5,5,0.32499999999999996,0.42500000000000004,RB69718,BIII 200,0.635
HD72955,BEEE 100,ENHANCED_RISK,0.05333333333333332,5,5,0.0,0.1333333333333333,RB69718,BSSS 200,0.9466666666666667
HD72955,CSSS 100,ENHANCED_RISK,0.1425,5,5,0.0,0.35624999999999996,RB69718,CSCC 100,0.8575
AK05749,CSDD 200-8,ENHANCED_RISK,0.0,5,5,0.0,0.0,FT56188,CSLL 200,1.0
AK05749,BOOO 200-1-7,ENHANCED_RISK,0.04499999999999997,5,5,0.07499999999999996,0.0,FT56188,BUUU 200,0.9550000000000001
AK05749,CSOO 100,ENHANCED_RISK,0.1725,5,5,0.2875,0.0,FT56188,CSWW 300-1,0.8275
AK05749,BEEE 100-7,ENHANCED_RISK,0.06374999999999997,5,5,0.10624999999999996,0.0,FT56188,BKKK 100-6,0.93625
VT13106,BOOO 100,ENHANCED_RISK,0.275,5,5,0.125,0.5,RU47578,BPPP 100-4,0.725
VT13106,BFFF 200,ENHANCED_RISK,0.38125,5,5,0.41874999999999996,0.32499999999999996,RU47578,BMMM 400,0.61875
VT13106,CSGG 100,ENHANCED_RISK,0.1675,5,5,0.16249999999999998,0.17500000000000004,RU47578,CSUU 100,0.8325
GO91642,BEEE 100,ENHANCED_RISK,0.5233333333333333,5,5,0.5,0.5583333333333333,OV65626,BSSS 200,0.4766666666666667
HM81749,CSVV 200-5,ENHANCED_RISK,0.0,5,5,0.0,0.0,EE55409,CSGG 300,1.0
HM81749,BKKK 100-6,ENHANCED_RISK,0.15,5,5,0.25,0.0,EE55409,BEEE 100-7,0.85
MJ36928,BKKK 100,ENHANCED_RISK,0.0,5,5,0.0,0.0,BV39579,BBBB 100,1.0
MJ36928,BDDD 100-7,ENHANCED_RISK,0.2025,5,5,0.3375,0.0,BV39579,BTTT 100,0.7975
FT56188,CSLL 100,ENHANCED_RISK,0.18000000000000002,5,5,0.30000000000000004,0.0,IJ96831,CSLL 200,0.82
FT56188,CSVV 200-6,ENHANCED_RISK,0.04499999999999997,5,5,0.07499999999999996,0.0,IJ96831,CSXX 300,0.9550000000000001
FT56188,BOOO 100,ENHANCED_RISK,0.10500000000000002,5,5,0.17500000000000004,0.0,IJ96831,BPPP 100-4,0.895
UV13344,CSVV 100,ENHANCED_RISK,0.44999999999999996,5,5,0.75,0.0,TH65834,CSDD 200,0.55
UV13344,CSLL 200,ENHANCED_RISK,0.6,5,5,1.0,0.0,TH65834,CSLL 100,0.4
UV13344,BEEE 100,ENHANCED_RISK,0.11000000000000001,5,5,0.125,0.08750000000000002,TH65834,BSSS 200,0.89
AW34708,CSUU 100,ENHANCED_RISK,0.15,5,5,0.25,0.0,NY19168,CSMM 100,0.85
JV04098,BDDD 100-7,ENHANCED_RISK,0.10500000000000002,5,5,0.17500000000000004,0.0,XO95883,BTTT 100,0.895
JV04098,CSOO 100-5,ENHANCED_RISK,0.0,5,5,0.0,0.0,XO95883,CSHH 100,1.0
JV04098,BOOO 200-1,ENHANCED_RISK,0.15,5,5,0.25,0.0,XO95883,BOOO 200-1-7,0.85
JV04098,BFFF 200,ENHANCED_RISK,0.17624999999999996,5,5,0.29374999999999996,0.0,XO95883,BMMM 400,0.82375
JV04098,CSLL 200,ENHANCED_RISK,0.24749999999999997,5,5,0.4125,0.0,XO95883,CSLL 100,0.7525000000000001
MJ43021,BOOO 100,ENHANCED_RISK,0.0,5,5,0.0,0.0,FI34178,BPPP 100-4,1.0
MJ43021,BPPP 100-4,ENHANCED_RISK,0.0,5,5,0.0,0.0,FI34178,BOOO 100,1.0
MJ43021,CSOO 100-5,ENHANCED_RISK,0.0,5,5,0.0,0.0,FI34178,CSHH 100,1.0
NI51617,CSOO 100-5,ENHANCED_RISK,0.10500000000000002,5,5,0.17500000000000004,0.0,YQ67104,CSHH 100,0.895
XK72404,CSDD 300-2,ENHANCED_RISK,0.12000000000000002,5,5,0.0,0.30000000000000004,BN29255,CSWW 300-1,0.88
XK72404,CSGG 300,ENHANCED_RISK,0.03333333333333335,5,5,0.0,0.08333333333333337,BN29255,CSVV 200-5,0.9666666666666667
XK72404,CSMM 100,ENHANCED_RISK,0.17000000000000004,5,5,0.0,0.42500000000000004,BN29255,CSUU 100,0.83
XK72404,CSUU 100,ENHANCED_RISK,0.17000000000000004,5,5,0.0,0.42500000000000004,BN29255,CSMM 100,0.83
XG96182,BTTT 100,ENHANCED_RISK,0.0,5,5,0.0,0.0,LU62415,BPPP 100,1.0
XG96182,BMMM 300,ENHANCED_RISK,0.16499999999999998,5,5,0.07499999999999996,0.30000000000000004,LU62415,BEEE 400,0.835
XG96182,CSWW 300-8,ENHANCED_RISK,0.0,5,5,0.0,0.0,LU62415,CSSS 300,1.0
UN55443,CSOO 100-5,ENHANCED_RISK,0.3,5,5,0.5,0.0,HG70562,CSHH 100,0.7
UN55443,BOOO 100,ENHANCED_RISK,0.0,5,5,0.0,0.0,HG70562,BPPP 100-4,1.0
UN55443,CSXX 200,ENHANCED_RISK,0.04499999999999997,5,5,0.07499999999999996,0.0,HG70562,CSBB 300-3,0.9550000000000001
IN64054,BKKK 100-6,ENHANCED_RISK,0.1725,5,5,0.2875,0.0,HB37854,BEEE 100-7,0.8275
IN64054,BDDD 100,ENHANCED_RISK,0.0,5,5,0.0,0.0,HB37854,BIII 200,1.0
IN64054,BDDD 100-6,ENHANCED_RISK,0.39749999999999996,5,5,0.6625,0.0,HB37854,BVVV 200,0.6025
QD38309,BCCC 300,ENHANCED_RISK,0.0,5,5,0.0,0.0,HP58319,BIII 200,1.0
GK73584,CSVV 100,ENHANCED_RISK,0.0,5,5,0.0,0.0,AK49449,CSDD 200,1.0
GK73584,CSMM 100,ENHANCED_RISK,0.0,5,5,0.0,0.0,AK49449,CSUU 100,1.0
GK73584,BBBB 100,ENHANCED_RISK,0.3,5,5,0.5,0.0,AK49449,BKKK 100,0.7
GK73584,CSOO 100,ENHANCED_RISK,0.1725,5,5,0.2875,0.0,AK49449,CSWW 300-1,0.8275
UD71823,BOOO 200,ENHANCED_RISK,0.47000000000000003,5,5,0.5,0.42500000000000004,UR93751,BUUU 200,0.53
UD71823,BKKK 100,ENHANCED_RISK,0.15,5,5,0.25,0.0,UR93751,BBBB 100,0.85
UD71823,BAAA 100,ENHANCED_RISK,0.15749999999999997,5,5,0.21250000000000002,0.07499999999999996,UR93751,BRRR 200,0.8425
UD71823,CSBB 300,ENHANCED_RISK,0.0,5,5,0.0,0.0,UR93751,CSSS 300,1.0
UD71823,CSGG 100,ENHANCED_RISK,0.0,5,5,0.0,0.0,UR93751,CSUU 100,1.0
QZ49384,CSXX 200,ENHANCED_RISK,0.0,5,5,0.0,0.0,LQ08456,CSBB 300-3,1.0
QZ49384,CSXX 400,ENHANCED_RISK,0.0,5,5,0.0,0.0,LQ08456,CSGG 300,1.0
QZ49384,CSLL 200,ENHANCED_RISK,0.0,5,5,0.0,0.0,LQ08456,CSLL 100,1.0
MR31478,CSLL 100,ENHANCED_RISK,0.0,5,5,0.0,0.0,SG17134,CSLL 200,1.0
MR31478,CSXX 200,ENHANCED_RISK,0.0,5,5,0.0,0.0,SG17134,CSBB 300-3,1.0
XO95883,BOOO 200-1,ENHANCED_RISK,0.09749999999999999,5,5,0.16249999999999998,0.0,ZX74119,BOOO 200-1-7,0.9025
XO95883,BBBB 100,ENHANCED_RISK,0.029999999999999985,5,5,0.0,0.07499999999999996,ZX74119,BKKK 100,0.97
QL69362,BDDD 100-7,ENHANCED_RISK,0.0,5,5,0.0,0.0,FB09581,BTTT 100,1.0
QL69362,BOOO 200-1-7,ENHANCED_RISK,0.0,5,5,0.0,0.0,FB09581,BUUU 200,1.0
PI65808,BOOO 200,ENHANCED_RISK,0.10500000000000002,5,5,0.17500000000000004,0.0,IO84868,BUUU 200,0.895
PI65808,CSHH 100,ENHANCED_RISK,0.029999999999999985,5,5,0.0,0.07499999999999996,IO84868,CSOO 100-5,0.97
PI65808,BEEE 100,ENHANCED_RISK,0.07999999999999999,5,5,0.0,0.19999999999999996,IO84868,BSSS 200,0.92
PI65808,CSEE 200,ENHANCED_RISK,0.0,5,5,0.0,0.0,IO84868,CSMM 100,1.0
PI65808,BAAA 100,ENHANCED_RISK,0.0,5,5,0.0,0.0,IO84868,BRRR 200,1.0
LT70296,CSVV 100,ENHANCED_RISK,0.44999999999999996,5,5,0.75,0.0,CH68474,CSDD 200,0.55
GR75445,CSLL 100,ENHANCED_RISK,0.0,5,5,0.0,0.0,PB56431,CSLL 200,1.0
GR75445,CSUU 100,ENHANCED_RISK,0.0,5,5,0.0,0.0,PB56431,CSMM 100,1.0
LU62415,BBBB 100,ENHANCED_RISK,0.25,5,5,0.25,0.25,RD63673,BKKK 100,0.75
LU62415,BOOO 100,ENHANCED_RISK,0.1275,5,5,0.07499999999999996,0.20625000000000004,RD63673,BPPP 100-4,0.8725
LU62415,CSZZ 400,ENHANCED_RISK,0.029999999999999985,5,5,0.0,0.07499999999999996,RD63673,CSWW 300-1,0.97
LU62415,BKKK 300,ENHANCED_RISK,0.12999999999999998,5,5,0.0,0.32499999999999996,RD63673,BPPP 300,0.87
XV90498,CSOO 100-5,ENHANCED_RISK,0.0,5,5,0.0,0.0,CY30935,CSHH 100,1.0
XV90498,BPPP 300,ENHANCED_RISK,0.27,5,5,0.0,0.675,CY30935,BKKK 300,0.73
AG66377,BOOO 200-1,ENHANCED_RISK,0.255,5,5,0.42500000000000004,0.0,IM35299,BOOO 200-1-7,0.745
AG66377,CSVV 100,ENHANCED_RISK,0.029999999999999985,5,5,0.0,0.07499999999999996,IM35299,CSDD 200,0.97
AG66377,BWWW 300,ENHANCED_RISK,0.022499999999999985,5,5,0.03749999999999998,0.0,IM35299,BVVV 200,0.9775
BF06958,CSOO 100-5,ENHANCED_RISK,0.0,5,5,0.0,0.0,ZB52812,CSHH 100,1.0
GL38366,BPPP 100-4,ENHANCED_RISK,0.21499999999999997,5,5,0.3583333333333333,0.0,UC42680,BOOO 100,0.785
TB21643,CSVV 200-5,ENHANCED_RISK,0.0,5,5,0.0,0.0,KL43217,CSGG 300,1.0
NU22558,CSJJ 300-8,ENHANCED_RISK,0.0,5,5,0.0,0.0,PL26091,CSLL 300,1.0
NU22558,BAAA 100,ENHANCED_RISK,0.265,5,5,0.32499999999999996,0.17500000000000004,PL26091,BRRR 200,0.735
TH65834,CSXX 200,ENHANCED_RISK,0.3525,5,5,0.5875,0.0,WP47510,CSBB 300-3,0.6475
WJ97611,BZZZ 300,ENHANCED_RISK,0.0,5,5,0.0,0.0,LH61642,BEEE 300,1.0
WJ97611,BTTT 300,ENHANCED_RISK,0.08500000000000002,5,5,0.0,0.21250000000000002,LH61642,BVVV 200,0.915
OI21918,BOOO 100,ENHANCED_RISK,0.25499999999999995,5,5,0.375,0.07499999999999996,EX11754,BPPP 100-4,0.7450000000000001
CW44363,CSMM 100,ENHANCED_RISK,0.42000000000000004,5,5,0.25,0.675,PL26091,CSUU 100,0.58
CW44363,CSLL 200,ENHANCED_RISK,0.1,5,5,0.0,0.25,PL26091,CSLL 100,0.9
UZ72226,BBBB 100,ENHANCED_RISK,0.255,5,5,0.42500000000000004,0.0,JJ55462,BKKK 100,0.745
QN27469,BKKK 100,ENHANCED_RISK,0.1725,5,5,0.2875,0.0,UN18932,BBBB 100,0.8275
IJ64625,CSXX 200,ENHANCED_RISK,0.19499999999999998,5,5,0.32499999999999996,0.0,OQ52775,CSBB 300-3,0.805
IJ64625,BPPP 100-4,ENHANCED_RISK,0.15749999999999997,5,5,0.21250000000000002,0.07499999999999996,OQ52775,BOOO 100,0.8425
ET45318,CSWW 200,ENHANCED_RISK,0.029999999999999985,5,5,0.0,0.07499999999999996,QX56366,CSSS 200,0.97
ET45318,BWWW 300,ENHANCED_RISK,0.405,5,5,0.675,0.0,QX56366,BVVV 200,0.595
ET45318,BWWW 300-7,ENHANCED_RISK,0.0,5,5,0.0,0.0,QX56366,BUUU 400,1.0
ET45318,BOOO 100,ENHANCED_RISK,0.05,5,5,0.0,0.125,QX56366,BPPP 100-4,0.95
ET45318,BOOO 200-1,ENHANCED_RISK,0.029999999999999985,5,5,0.0,0.07499999999999996,QX56366,BOOO 200-1-7,0.97
PK96480,CSEE 200,ENHANCED_RISK,0.0,5,5,0.0,0.0,NN49334,CSMM 100,1.0
PK96480,CSBB 300,ENHANCED_RISK,0.135,5,5,0.17500000000000004,0.07499999999999996,NN49334,CSSS 300,0.865
PK96480,CSCC 100,ENHANCED_RISK,0.1725,5,5,0.2875,0.0,NN49334,CSSS 100,0.8275
BM92247,CSGG 100,ENHANCED_RISK,0.1725,5,5,0.2875,0.0,CO96743,CSUU 100,0.8275
JD67197,CSUU 100,ENHANCED_RISK,0.0,5,5,0.0,0.0,TI84045,CSMM 100,1.0
JD67197,BFFF 200,ENHANCED_RISK,0.13499999999999998,5,5,0.22499999999999998,0.0,TI84045,BMMM 400,0.865
JD67197,CSVV 200-6,ENHANCED_RISK,0.0,5,5,0.0,0.0,TI84045,CSXX 300,1.0
JD67197,CSMM 100,ENHANCED_RISK,0.0,5,5,0.0,0.0,TI84045,CSUU 100,1.0
LF81006,BKKK 100,ENHANCED_RISK,0.14999999999999997,5,5,0.19999999999999996,0.07499999999999996,BQ58840,BBBB 100,0.8500000000000001
LF81006,BPPP 100-4,ENHANCED_RISK,0.20500000000000002,5,5,0.17500000000000004,0.25,BQ58840,BOOO 100,0.7949999999999999
SM05526,CSOO 100-5,ENHANCED_RISK,0.345,5,5,0.575,0.0,UD45584,CSHH 100,0.655
SM05526,BKKK 100-6,ENHANCED_RISK,0.18,5,5,0.25,0.07499999999999996,UD45584,BEEE 100-7,0.8200000000000001
SM05526,CSVV 200-5,ENHANCED_RISK,0.2025,5,5,0.3375,0.0,UD45584,CSGG 300,0.7975
SM05526,CSQQ 400,ENHANCED_RISK,0.0,5,5,0.0,0.0,UD45584,CSUU 400,1.0
HM31749,BOOO 200-1-7,ENHANCED_RISK,0.15,5,5,0.25,0.0,CO96743,BUUU 200,0.85
OE07498,BDDD 100-7,ENHANCED_RISK,0.0,5,5,0.0,0.0,LL33767,BTTT 100,1.0
ZR70228,CSLL 100,ENHANCED_RISK,0.0,5,5,0.0,0.0,VZ44817,CSLL 200,1.0
ZR70228,CSCC 100,ENHANCED_RISK,0.0,5,5,0.0,0.0,VZ44817,CSSS 100,1.0
CK01141,BOOO 100,ENHANCED_RISK,0.04499999999999997,5,5,0.07499999999999996,0.0,QH07311,BPPP 100-4,0.9550000000000001
XF22811,CSZZ 400,ENHANCED_RISK,0.0,5,5,0.0,0.0,UW19217,CSWW 300-1,1.0
VR23972,BFFF 200,ENHANCED_RISK,0.0,5,5,0.0,0.0,HA42507,BMMM 400,1.0
VR23972,BOOO 200,ENHANCED_RISK,0.405,5,5,0.675,0.0,HA42507,BUUU 200,0.595
IC02584,CSDD 200-8,ENHANCED_RISK,0.3,5,5,0.5,0.0,DV71153,CSLL 200,0.7
AR29152,CSVV 100,ENHANCED_RISK,0.3,5,5,0.5,0.0,PB53518,CSDD 200,0.7
AR29152,BKKK 100-6,ENHANCED_RISK,0.25125,5,5,0.16874999999999996,0.375,PB53518,BEEE 100-7,0.74875
VV01183,CSHH 100,ENHANCED_RISK,0.345,5,5,0.575,0.0,XQ04256,CSOO 100-5,0.655
VV01183,CSVV 200-6,ENHANCED_RISK,0.15,5,5,0.25,0.0,XQ04256,CSXX 300,0.85
VV01183,CSOO 100-5,ENHANCED_RISK,0.11999999999999997,5,5,0.19999999999999996,0.0,XQ04256,CSHH 100,0.88
VV01183,CSUU 100,ENHANCED_RISK,0.04499999999999997,5,5,0.07499999999999996,0.0,XQ04256,CSMM 100,0.9550000000000001
VV01183,CSMM 100,ENHANCED_RISK,0.05250000000000001,5,5,0.08750000000000002,0.0,XQ04256,CSUU 100,0.9475
YE17191,CSOO 100,ENHANCED_RISK,0.014999999999999993,5,5,0.0,0.03749999999999998,CD54925,CSWW 300-1,0.985
SE99550,BAAA 100,ENHANCED_RISK,0.05250000000000001,5,5,0.08750000000000002,0.0,SR68348,BRRR 200,0.9475
SE99550,CSGG 100,ENHANCED_RISK,0.0,5,5,0.0,0.0,SR68348,CSUU 100,1.0
SE99550,CSDD 200-8,ENHANCED_RISK,0.04499999999999997,5,5,0.07499999999999996,0.0,SR68348,CSLL 200,0.9550000000000001
LH17447,CSLL 200,ENHANCED_RISK,0.022499999999999985,5,5,0.03749999999999998,0.0,MJ88940,CSLL 100,0.9775
LH17447,CSOO 100-5,ENHANCED_RISK,0.17500000000000004,5,5,0.17500000000000004,0.17500000000000004,MJ88940,CSHH 100,0.825
LH17447,BEEE 100,ENHANCED_RISK,0.27916666666666673,5,5,0.3375,0.19166666666666676,MJ88940,BSSS 200,0.7208333333333332
CO11948,CSVV 200-6,ENHANCED_RISK,0.4,5,5,0.5,0.25,JH15328,CSXX 300,0.6
CO11948,CSDD 200-7,ENHANCED_RISK,0.0,5,5,0.0,0.0,JH15328,CSVV 100,1.0
CO11948,CSOO 100,ENHANCED_RISK,0.13499999999999998,5,5,0.22499999999999998,0.0,JH15328,CSWW 300-1,0.865
CO11948,BDDD 100,ENHANCED_RISK,0.21999999999999997,5,5,0.19999999999999996,0.25,JH15328,BIII 200,0.78
AB52055,CSYY 300,ENHANCED_RISK,0.12999999999999998,5,5,0.0,0.32499999999999996,PB00826,CSWW 300-8,0.87
AB52055,BEEE 100,ENHANCED_RISK,0.26999999999999996,5,5,0.25,0.29999999999999993,PB00826,BSSS 200,0.73
AB52055,CSLL 200,ENHANCED_RISK,0.245,5,5,0.07499999999999996,0.5,PB00826,CSLL 100,0.755
KP54194,BDDD 100,ENHANCED_RISK,0.15,5,5,0.25,0.0,ZY86464,BIII 200,0.85
DZ54535,CSOO 100-5,ENHANCED_RISK,0.1233333333333333,5,5,0.0,0.30833333333333324,NY18834,CSHH 100,0.8766666666666667
DZ54535,CSTT 400,ENHANCED_RISK,0.17000000000000004,5,5,0.0,0.42500000000000004,NY18834,CSDD 300,0.83
DZ54535,CSXX 400,ENHANCED_RISK,0.0,5,5,0.0,0.0,NY18834,CSGG 300,1.0
IO33098,BTTT 100,ENHANCED_RISK,0.04499999999999997,5,5,0.07499999999999996,0.0,SG83698,BPPP 100,0.9550000000000001
IO33098,CSVV 200-5,ENHANCED_RISK,0.17000000000000004,5,5,0.0,0.42500000000000004,SG83698,CSGG 300,0.83
IO33098,BOOO 200,ENHANCED_RISK,0.16499999999999998,5,5,0.25,0.03749999999999998,SG83698,BUUU 200,0.835
IO33098,CSZZ 400,ENHANCED_RISK,0.22000000000000003,5,5,0.0,0.55,SG83698,CSWW 300-1,0.78
IO33098,BXXX 200,ENHANCED_RISK,0.0,5,5,0.0,0.0,SG83698,BDDD 100,1.0
HX73625,BWWW 300-7,ENHANCED_RISK,0.0,5,5,0.0,0.0,KH53546,BUUU 400,1.0
HX73625,BDDD 100-7,ENHANCED_RISK,0.029999999999999985,5,5,0.0,0.07499999999999996,KH53546,BTTT 100,0.97
HX73625,BOOO 200,ENHANCED_RISK,0.10500000000000002,5,5,0.17500000000000004,0.0,KH53546,BUUU 200,0.895
QQ82749,CSVV 100,ENHANCED_RISK,0.0,5,5,0.0,0.0,YZ47797,CSDD 200,1.0
LJ96420,CSUU 100,ENHANCED_RISK,0.345,5,5,0.575,0.0,TN93692,CSMM 100,0.655
BK68935,CSOO 100-5,ENHANCED_RISK,0.44999999999999996,5,5,0.75,0.0,HD80972,CSHH 100,0.55
BK68935,BBBB 100,ENHANCED_RISK,0.6,5,5,1.0,0.0,HD80972,BKKK 100,0.4
BK68935,BKKK 100-6,ENHANCED_RISK,0.2025,5,5,0.3375,0.0,HD80972,BEEE 100-7,0.7975
BJ13625,CSMM 100,ENHANCED_RISK,0.35,5,5,0.25,0.5,CK01141,CSUU 100,0.65
SJ10755,BOOO 100,ENHANCED_RISK,0.04499999999999997,5,5,0.07499999999999996,0.0,LK93278,BPPP 100-4,0.9550000000000001
SJ10755,BEEE 100,ENHANCED_RISK,0.17000000000000004,5,5,0.0,0.42500000000000004,LK93278,BSSS 200,0.83
SI69234,CSXX 200,ENHANCED_RISK,0.15,5,5,0.25,0.0,GW02822,CSBB 300-3,0.85
SI69234,BEEE 100-7,ENHANCED_RISK,0.15,5,5,0.25,0.0,GW02822,BKKK 100-6,0.85
SI69234,CSVV 100,ENHANCED_RISK,0.18000000000000002,5,5,0.30000000000000004,0.0,GW02822,CSDD 200,0.82
AE68854,BBBB 100,ENHANCED_RISK,0.0,5,5,0.0,0.0,ZA48927,BKKK 100,1.0
AE68854,CSOO 100-5,ENHANCED_RISK,0.0,5,5,0.0,0.0,ZA48927,CSHH 100,1.0
MV31622,CSUU 100,ENHANCED_RISK,0.17000000000000004,5,5,0.0,0.42500000000000004,SV27088,CSMM 100,0.83
MV31622,BDDD 100-7,ENHANCED_RISK,0.2,5,5,0.0,0.5,SV27088,BTTT 100,0.8
ZA36835,CSOO 100,ENHANCED_RISK,0.35,5,5,0.25,0.5,UN55443,CSWW 300-1,0.65
NU09850,BEEE 100,ENHANCED_RISK,0.029999999999999985,5,5,0.0,0.07499999999999996,EE55409,BSSS 200,0.97
NU09850,BDDD 100-7,ENHANCED_RISK,0.0,5,5,0.0,0.0,EE55409,BTTT 100,1.0
NU09850,CSUU 100,ENHANCED_RISK,0.19499999999999998,5,5,0.32499999999999996,0.0,EE55409,CSMM 100,0.805
WL95272,CSVV 200-6,ENHANCED_RISK,0.08499999999999996,5,5,0.1416666666666666,0.0,AB52055,CSXX 300,0.915
JT05753,CSXX 200,ENHANCED_RISK,0.19499999999999998,5,5,0.32499999999999996,0.0,LX72453,CSBB 300-3,0.805
JT05753,BBBB 100,ENHANCED_RISK,0.10500000000000002,5,5,0.17500000000000004,0.0,LX72453,BKKK 100,0.895
JT05753,BOOO 200-1-7,ENHANCED_RISK,0.44999999999999996,5,5,0.75,0.0,LX72453,BUUU 200,0.55
JT05753,BKKK 100,ENHANCED_RISK,0.255,5,5,0.42500000000000004,0.0,LX72453,BBBB 100,0.745
YM99154,BDDD 200,ENHANCED_RISK,0.0,5,5,0.0,0.0,YD30649,BPPP 300,1.0
YM99154,CSVV 200-6,ENHANCED_RISK,0.27,5,5,0.2833333333333333,0.25,YD30649,CSXX 300,0.73
YM99154,BWWW 300,ENHANCED_RISK,0.09499999999999997,5,5,0.07499999999999996,0.125,YD30649,BVVV 200,0.905
KU91609,CSOO 100-5,ENHANCED_RISK,0.19499999999999998,5,5,0.32499999999999996,0.0,KU91609,CSHH 100,0.805
KU91609,CSDD 200-8,ENHANCED_RISK,0.0,5,5,0.0,0.0,KU91609,CSLL 200,1.0
CZ74253,BKKK 100,ENHANCED_RISK,0.09749999999999999,5,5,0.16249999999999998,0.0,WJ97611,BBBB 100,0.9025
CZ74253,BOOO 200-1-7,ENHANCED_RISK,0.04499999999999997,5,5,0.07499999999999996,0.0,WJ97611,BUUU 200,0.9550000000000001
CZ74253,BPPP 100-4,ENHANCED_RISK,0.0,5,5,0.0,0.0,WJ97611,BOOO 100,1.0
LT85603,BUUU 200,ENHANCED_RISK,0.0,5,5,0.0,0.0,QM86351,BOOO 200-1-7,1.0
RD07730,CSDD 200-8,ENHANCED_RISK,0.0,5,5,0.0,0.0,NO43056,CSLL 200,1.0
RD07730,CSMM 100,ENHANCED_RISK,0.18000000000000002,5,5,0.30000000000000004,0.0,NO43056,CSUU 100,0.82
PK04124,CSLL 100,ENHANCED_RISK,0.04499999999999997,5,5,0.07499999999999996,0.0,ED91611,CSLL 200,0.9550000000000001
PK04124,BEEE 100-7,ENHANCED_RISK,0.22499999999999998,5,5,0.375,0.0,ED91611,BKKK 100-6,0.775
GG82607,CSUU 100,ENHANCED_RISK,0.0,5,5,0.0,0.0,MV65510,CSMM 100,1.0
GG82607,BEEE 100,ENHANCED_RISK,0.1,5,5,0.0,0.25,MV65510,BSSS 200,0.9
KS73999,CSXX 200,ENHANCED_RISK,0.10500000000000002,5,5,0.17500000000000004,0.0,YB12467,CSBB 300-3,0.895
KS73999,BOOO 200-1-7,ENHANCED_RISK,0.07000000000000002,5,5,0.0,0.17500000000000004,YB12467,BUUU 200,0.9299999999999999
NQ74023,CSWW 300-1,ENHANCED_RISK,0.0,5,5,0.0,0.0,EZ53802,CSZZ 400,1.0
NQ74023,BZZZ 300-2,ENHANCED_RISK,0.0,5,5,0.0,0.0,EZ53802,BWWW 400,1.0
CP47069,CSCC 100,ENHANCED_RISK,0.18000000000000002,5,5,0.30000000000000004,0.0,HP16567,CSSS 100,0.82
CP47069,CSDD 200-8,ENHANCED_RISK,0.07000000000000002,5,5,0.0,0.17500000000000004,HP16567,CSLL 200,0.9299999999999999
CP47069,CSLL 200,ENHANCED_RISK,0.07000000000000002,5,5,0.0,0.17500000000000004,HP16567,CSLL 100,0.9299999999999999
ZU97966,BDDD 100-7,ENHANCED_RISK,0.09,5,5,0.0,0.22499999999999998,GU16758,BTTT 100,0.91
ZU97966,CSLL 100,ENHANCED_RISK,0.3,5,5,0.5,0.0,GU16758,CSLL 200,0.7
VV87942,CSDD 200-8,ENHANCED_RISK,0.345,5,5,0.575,0.0,QH07311,CSLL 200,0.655
VV87942,CSLL 100,ENHANCED_RISK,0.255,5,5,0.42500000000000004,0.0,QH07311,CSLL 200,0.745
OQ39530,CSLL 100,ENHANCED_RISK,0.625,5,5,0.375,1.0,OE55372,CSLL 200,0.375
OQ39530,CSLL 200,ENHANCED_RISK,0.655,5,5,0.42500000000000004,1.0,OE55372,CSLL 100,0.345
OQ39530,BWWW 300-7,ENHANCED_RISK,0.0,5,5,0.0,0.0,OE55372,BUUU 400,1.0
DN17711,CSGG 100,ENHANCED_RISK,0.19499999999999998,5,5,0.32499999999999996,0.0,TI84045,CSUU 100,0.805
BM83763,BGGG 200,ENHANCED_RISK,0.0,5,5,0.0,0.0,XU26284,BVVV 200,1.0
BM83763,CSLL 200,ENHANCED_RISK,0.0,5,5,0.0,0.0,XU26284,CSLL 100,1.0
GH15861,BKKK 100,ENHANCED_RISK,0.0,5,5,0.0,0.0,AL57800,BBBB 100,1.0
GH15861,CSVV 200-6,ENHANCED_RISK,0.18499999999999994,5,5,0.30833333333333324,0.0,AL57800,CSXX 300,0.8150000000000001
DC71733,BEEE 100,ENHANCED_RISK,0.03333333333333335,5,5,0.0,0.08333333333333337,KV04245,BSSS 200,0.9666666666666667
HK15642,BTTT 100,ENHANCED_RISK,0.029999999999999985,5,5,0.0,0.07499999999999996,LQ08456,BPPP 100,0.97
HK15642,CSVV 200-6,ENHANCED_RISK,0.07000000000000002,5,5,0.0,0.17500000000000004,LQ08456,CSXX 300,0.9299999999999999
HK15642,BDDD 100-7,ENHANCED_RISK,0.12999999999999998,5,5,0.0,0.32499999999999996,LQ08456,BTTT 100,0.87
HK15642,CSYY 300,ENHANCED_RISK,0.0,5,5,0.0,0.0,LQ08456,CSWW 300-8,1.0
HK15642,CSVV 100,ENHANCED_RISK,0.07000000000000002,5,5,0.0,0.17500000000000004,LQ08456,CSDD 200,0.9299999999999999
MJ01882,CSLL 100,ENHANCED_RISK,0.27999999999999997,5,5,0.25,0.32499999999999996,MT73139,CSLL 200,0.72
MJ01882,CSSS 300,ENHANCED_RISK,0.014999999999999993,5,5,0.0,0.03749999999999998,MT73139,CSWW 300-8,0.985
MJ01882,BSSS 200,ENHANCED_RISK,0.22999999999999998,5,5,0.0,0.575,MT73139,BWWW 300-7,0.77
RT50111,CSEE 200,ENHANCED_RISK,0.22999999999999998,5,5,0.0,0.575,JA03661,CSMM 100,0.77
RT50111,BOOO 200-1-7,ENHANCED_RISK,0.14499999999999996,5,5,0.07499999999999996,0.25,JA03661,BUUU 200,0.855
RT50111,BOOO 100,ENHANCED_RISK,0.15999999999999998,5,5,0.07499999999999996,0.2875,JA03661,BPPP 100-4,0.8400000000000001
MS16516,CSVV 200-5,ENHANCED_RISK,0.10500000000000002,5,5,0.17500000000000004,0.0,FD39358,CSGG 300,0.895
MS16516,CSOO 100-5,ENHANCED_RISK,0.06500000000000003,5,5,0.10833333333333339,0.0,FD39358,CSHH 100,0.9349999999999999
RN35459,CSCC 100,ENHANCED_RISK,0.075,5,5,0.125,0.0,DY40322,CSSS 100,0.925
RN35459,BEEE 300,ENHANCED_RISK,0.1,5,5,0.0,0.25,DY40322,BZZZ 300,0.9
RN35459,CSLL 100,ENHANCED_RISK,0.135,5,5,0.17500000000000004,0.07499999999999996,DY40322,CSLL 200,0.865
TZ66286,CSUU 100,ENHANCED_RISK,0.19499999999999998,5,5,0.32499999999999996,0.0,SF42986,CSMM 100,0.805
TZ66286,CSMM 100,ENHANCED_RISK,0.345,5,5,0.575,0.0,SF42986,CSUU 100,0.655
IM35299,BWWW 200,ENHANCED_RISK,0.0,5,5,0.0,0.0,AG66377,BGGG 200,1.0
IM35299,BDDD 100-7,ENHANCED_RISK,0.28500000000000003,5,5,0.25,0.3375,AG66377,BTTT 100,0.715
OD49029,BBBB 100,ENHANCED_RISK,0.0,5,5,0.0,0.0,JN89090,BKKK 100,1.0
VD21564,CSLL 100,ENHANCED_RISK,0.15,5,5,0.25,0.0,TI77959,CSLL 200,0.85
VD21564,BOOO 100,ENHANCED_RISK,0.32000000000000006,5,5,0.25,0.42500000000000004,TI77959,BPPP 100-4,0.6799999999999999
VD21564,BPPP 100-4,ENHANCED_RISK,0.17000000000000004,5,5,0.0,0.42500000000000004,TI77959,BOOO 100,0.83
TF50728,BPPP 100-4,ENHANCED_RISK,0.22499999999999998,5,5,0.375,0.0,NA33764,BOOO 100,0.775
SI59269,BOOO 200,ENHANCED_RISK,0.0,5,5,0.0,0.0,PE33789,BUUU 200,1.0
SI59269,BBBB 100,ENHANCED_RISK,0.0,5,5,0.0,0.0,PE33789,BKKK 100,1.0
SI59269,BDDD 100,ENHANCED_RISK,0.1275,5,5,0.21250000000000002,0.0,PE33789,BIII 200,0.8725
KL43217,CSMM 100,ENHANCED_RISK,0.04499999999999997,5,5,0.07499999999999996,0.0,TB21643,CSUU 100,0.9550000000000001
KL43217,CSXX 200,ENHANCED_RISK,0.0,5,5,0.0,0.0,TB21643,CSBB 300-3,1.0
KL43217,CSVV 100,ENHANCED_RISK,0.0,5,5,0.0,0.0,TB21643,CSDD 200,1.0
BX47139,BOOO 200-1-7,ENHANCED_RISK,0.235,5,5,0.17500000000000004,0.32499999999999996,JK25831,BUUU 200,0.765
BX47139,BBBB 100,ENHANCED_RISK,0.12999999999999998,5,5,0.0,0.32499999999999996,JK25831,BKKK 100,0.87
BX47139,BDDD 100,ENHANCED_RISK,0.535,5,5,0.675,0.32499999999999996,JK25831,BIII 200,0.46499999999999997
NA33764,CSOO 100,ENHANCED_RISK,0.075,5,5,0.125,0.0,TF50728,CSWW 300-1,0.925
ZF08888,CSWW 300-8,ENHANCED_RISK,0.0,5,5,0.0,0.0,LO25351,CSSS 300,1.0
ZF08888,CSXX 200,ENHANCED_RISK,0.15000000000000002,5,5,0.0,0.375,LO25351,CSBB 300-3,0.85
ZF08888,CSUU 100,ENHANCED_RISK,0.22833333333333333,5,5,0.17500000000000004,0.30833333333333324,LO25351,CSMM 100,0.7716666666666667
ZF08888,CSDD 200,ENHANCED_RISK,0.0,5,5,0.0,0.0,LO25351,CSVV 100,1.0
XX11297,CSVV 200-6,ENHANCED_RISK,0.0,5,5,0.0,0.0,ZE38012,CSXX 300,1.0
OU70898,BDDD 100,ENHANCED_RISK,0.17000000000000004,5,5,0.0,0.42500000000000004,ZF22876,BIII 200,0.83
OU70898,CSOO 100-5,ENHANCED_RISK,0.075,5,5,0.125,0.0,ZF22876,CSHH 100,0.925
OU70898,BTTT 400,ENHANCED_RISK,0.0,5,5,0.0,0.0,ZF22876,BSSS 400,1.0
FZ87372,CSYY 300,ENHANCED_RISK,0.09666666666666664,5,5,0.0,0.24166666666666659,CO96743,CSWW 300-8,0.9033333333333333
FZ87372,CSVV 100,ENHANCED_RISK,0.11333333333333334,5,5,0.0,0.2833333333333333,CO96743,CSDD 200,0.8866666666666667
FZ87372,CSXX 300,ENHANCED_RISK,0.0,5,5,0.0,0.0,CO96743,CSTT 300,1.0
NV87392,CSVV 100,ENHANCED_RISK,0.07000000000000002,5,5,0.0,0.17500000000000004,DZ54535,CSDD 200,0.9299999999999999
PW97155,CSSS 300,ENHANCED_RISK,0.0,5,5,0.0,0.0,OR15403,CSWW 300-8,1.0
PW97155,BBBB 100,ENHANCED_RISK,0.1275,5,5,0.21250000000000002,0.0,OR15403,BKKK 100,0.8725
UD45584,BEEE 400,ENHANCED_RISK,0.27,5,5,0.0,0.675,AY80987,BNNN 300,0.73
UD45584,CSMM 100,ENHANCED_RISK,0.1725,5,5,0.2875,0.0,AY80987,CSUU 100,0.8275
UD45584,BOOO 100,ENHANCED_RISK,0.07000000000000002,5,5,0.0,0.17500000000000004,AY80987,BPPP 100-4,0.9299999999999999
DJ03294,BDDD 100-7,ENHANCED_RISK,0.0,5,5,0.0,0.0,SF42986,BTTT 100,1.0
VX77803,CSHH 100,ENHANCED_RISK,0.0,5,5,0.0,0.0,TP48954,CSOO 100-5,1.0
VX77803,BMMM 300,ENHANCED_RISK,0.15000000000000002,5,5,0.08333333333333337,0.25,TP48954,BEEE 400,0.85
VX77803,CSUU 100,ENHANCED_RISK,0.0,5,5,0.0,0.0,TP48954,CSMM 100,1.0
JV86366,BTTT 100,ENHANCED_RISK,0.0,5,5,0.0,0.0,DY40322,BPPP 100,1.0
QQ00399,CSOO 100,ENHANCED_RISK,0.165,5,5,0.0,0.4125,VR99953,CSWW 300-1,0.835
QQ00399,CSTT 300,ENHANCED_RISK,0.10500000000000002,5,5,0.17500000000000004,0.0,VR99953,CSXX 300,0.895
QQ00399,BWWW 300-7,ENHANCED_RISK,0.3,5,5,0.5,0.0,VR99953,BUUU 400,0.7
QQ00399,CSCC 100,ENHANCED_RISK,0.13499999999999998,5,5,0.22499999999999998,0.0,VR99953,CSSS 100,0.865
QQ00399,CSVV 100,ENHANCED_RISK,0.12000000000000004,5,5,0.20000000000000007,0.0,VR99953,CSDD 200,0.88
JA03661,CSGG 100,ENHANCED_RISK,0.3,5,5,0.5,0.0,RT50111,CSUU 100,0.7
JA03661,BDDD 100,ENHANCED_RISK,0.26999999999999996,5,5,0.25,0.29999999999999993,RT50111,BIII 200,0.73
NR26587,CSVV 100,ENHANCED_RISK,0.0,5,5,0.0,0.0,QD38309,CSDD 200,1.0
NR26587,BFFF 200,ENHANCED_RISK,0.15,5,5,0.25,0.0,QD38309,BMMM 400,0.85
QA17679,BDDD 100,ENHANCED_RISK,0.075,5,5,0.125,0.0,DW27167,BIII 200,0.925
QA17679,BOOO 200,ENHANCED_RISK,0.0,5,5,0.0,0.0,DW27167,BUUU 200,1.0
DY40322,BSSS 400-4,ENHANCED_RISK,0.0,5,5,0.0,0.0,RN35459,BSSS 400,1.0
DY40322,CSDD 200-7,ENHANCED_RISK,0.0,5,5,0.0,0.0,RN35459,CSVV 100,1.0
DY40322,CSWW 300-8,ENHANCED_RISK,0.0,5,5,0.0,0.0,RN35459,CSSS 300,1.0
HP16567,BAAA 100,ENHANCED_RISK,0.04499999999999997,5,5,0.07499999999999996,0.0,LQ08456,BRRR 200,0.9550000000000001
HP16567,BTTT 100,ENHANCED_RISK,0.0,5,5,0.0,0.0,LQ08456,BPPP 100,1.0
HP16567,CSCC 100,ENHANCED_RISK,0.15,5,5,0.25,0.0,LQ08456,CSSS 100,0.85
HP16567,CSLL 100,ENHANCED_RISK,0.10500000000000002,5,5,0.17500000000000004,0.0,LQ08456,CSLL 200,0.895
MM90599,CSDD 200-8,ENHANCED_RISK,0.15,5,5,0.25,0.0,FW77983,CSLL 200,0.85
SO48713,BXXX 200,ENHANCED_RISK,0.0,5,5,0.0,0.0,ZQ78551,BDDD 100,1.0
SO48713,BZZZ 300,ENHANCED_RISK,0.029999999999999985,5,5,0.0,0.07499999999999996,ZQ78551,BEEE 300,0.97
SO48713,CSHH 100,ENHANCED_RISK,0.345,5,5,0.575,0.0,ZQ78551,CSOO 100-5,0.655
SO48713,BAAA 100,ENHANCED_RISK,0.0,5,5,0.0,0.0,ZQ78551,BRRR 200,1.0
OF13781,CSWW 300-8,ENHANCED_RISK,0.0,5,5,0.0,0.0,YM96361,CSSS 300,1.0
OF13781,BSSS 200,ENHANCED_RISK,0.0,5,5,0.0,0.0,YM96361,BWWW 300-7,1.0
OF13781,BFFF 200,ENHANCED_RISK,0.41000000000000003,5,5,0.35,0.5,YM96361,BMMM 400,0.59
OF13781,BBBB 100,ENHANCED_RISK,0.0,5,5,0.0,0.0,YM96361,BKKK 100,1.0
AR50116,CSVV 200-5,ENHANCED_RISK,0.255,5,5,0.42500000000000004,0.0,SI97003,CSGG 300,0.745
AR50116,CSUU 100,ENHANCED_RISK,0.15,5,5,0.25,0.0,SI97003,CSMM 100,0.85
LQ48753,CSGG 100,ENHANCED_RISK,0.25749999999999995,5,5,0.21250000000000002,0.32499999999999996,LW27173,CSUU 100,0.7425
LQ48753,CSUU 100,ENHANCED_RISK,0.15,5,5,0.25,0.0,LW27173,CSMM 100,0.85
LQ48753,BIII 300,ENHANCED_RISK,0.22999999999999998,5,5,0.0,0.575,LW27173,BTTT 400,0.77
LQ48753,CSHH 100,ENHANCED_RISK,0.345,5,5,0.575,0.0,LW27173,CSOO 100-5,0.655
LQ48753,BUUU 200,ENHANCED_RISK,0.135,5,5,0.0,0.3375,LW27173,BOOO 200-1-7,0.865
LX72453,BDDD 100,ENHANCED_RISK,0.17000000000000004,5,5,0.0,0.42500000000000004,JT05753,BIII 200,0.83
UC42680,CSDD 200,ENHANCED_RISK,0.1433333333333333,5,5,0.0,0.3583333333333333,GL38366,CSVV 100,0.8566666666666667
UC42680,CSHH 100,ENHANCED_RISK,0.5225,5,5,0.5375,0.5,GL38366,CSOO 100-5,0.47750000000000004
XD07531,CSVV 100,ENHANCED_RISK,0.0,5,5,0.0,0.0,GX14710,CSDD 200,1.0
FL07228,CSTT 300,ENHANCED_RISK,0.0,5,5,0.0,0.0,RU47578,CSXX 300,1.0
RE20106,CSLL 100,ENHANCED_RISK,0.0,5,5,0.0,0.0,MV31622,CSLL 200,1.0
RE20106,CSLL 200,ENHANCED_RISK,0.0,5,5,0.0,0.0,MV31622,CSLL 100,1.0
RE20106,CSVV 200,ENHANCED_RISK,0.029999999999999985,5,5,0.0,0.07499999999999996,MV31622,CSQQ 400,0.97
ZE38012,BOOO 100,ENHANCED_RISK,0.0,5,5,0.0,0.0,XX11297,BPPP 100-4,1.0
ZE38012,CSVV 100,ENHANCED_RISK,0.0,5,5,0.0,0.0,XX11297,CSDD 200,1.0
ZE38012,CSLL 200,ENHANCED_RISK,0.0,5,5,0.0,0.0,XX11297,CSLL 100,1.0
ZE38012,BEEE 100,ENHANCED_RISK,0.0,5,5,0.0,0.0,XX11297,BSSS 200,1.0
AY07432,BZZZ 300,ENHANCED_RISK,0.0,5,5,0.0,0.0,YZ47797,BEEE 300,1.0
AY07432,BWWW 300-7,ENHANCED_RISK,0.2025,5,5,0.3375,0.0,YZ47797,BUUU 400,0.7975
AY07432,CSLL 100,ENHANCED_RISK,0.4,5,5,0.5,0.25,YZ47797,CSLL 200,0.6
BG43204,BWWW 300,ENHANCED_RISK,0.19499999999999998,5,5,0.32499999999999996,0.0,ZM78788,BVVV 200,0.805
AL57800,BPPP 300,ENHANCED_RISK,0.0,5,5,0.0,0.0,HJ26191,BKKK 300,1.0
AL57800,CSVV 200,ENHANCED_RISK,0.365,5,5,0.32499999999999996,0.42500000000000004,HJ26191,CSQQ 400,0.635
AL57800,BDDD 200,ENHANCED_RISK,0.029999999999999985,5,5,0.0,0.07499999999999996,HJ26191,BPPP 300,0.97
LO92468,BOOO 100,ENHANCED_RISK,0.18499999999999994,5,5,0.30833333333333324,0.0,CU42149,BPPP 100-4,0.8150000000000001
LO92468,BDDD 100,ENHANCED_RISK,0.04499999999999997,5,5,0.07499999999999996,0.0,CU42149,BIII 200,0.9550000000000001
LO92468,BPPP 100-4,ENHANCED_RISK,0.26499999999999996,5,5,0.44166666666666665,0.0,CU42149,BOOO 100,0.7350000000000001
LO92468,CSVV 100,ENHANCED_RISK,0.2025,5,5,0.3375,0.0,CU42149,CSDD 200,0.7975
TI77959,CSCC 100,ENHANCED_RISK,0.3,5,5,0.5,0.0,VD21564,CSSS 100,0.7
TI77959,CSLL 200,ENHANCED_RISK,0.575,5,5,0.575,0.575,VD21564,CSLL 100,0.42500000000000004
TI77959,BDDD 100,ENHANCED_RISK,0.17624999999999996,5,5,0.29374999999999996,0.0,VD21564,BIII 200,0.82375
TI77959,BAAA 100,ENHANCED_RISK,0.0,5,5,0.0,0.0,VD21564,BRRR 200,1.0
XQ04256,CSUU 100,ENHANCED_RISK,0.14000000000000004,5,5,0.17500000000000004,0.08750000000000002,VV01183,CSMM 100,0.86
XQ04256,CSHH 100,ENHANCED_RISK,0.0,5,5,0.0,0.0,VV01183,CSOO 100-5,1.0
XQ04256,CSWW 300-8,ENHANCED_RISK,0.0,5,5,0.0,0.0,VV01183,CSSS 300,1.0
BP16973,CSSS 100,ENHANCED_RISK,0.07000000000000002,5,5,0.0,0.17500000000000004,FX10496,CSCC 100,0.9299999999999999
XL21536,CSLL 200,ENHANCED_RISK,0.30000000000000004,5,5,0.0,0.75,GC26691,CSLL 100,0.7
LA51155,BKKK 100,ENHANCED_RISK,0.0,5,5,0.0,0.0,DP94286,BBBB 100,1.0
UQ75613,BOOO 200-1,ENHANCED_RISK,0.25,5,5,0.25,0.25,UI03407,BOOO 200-1-7,0.75
UQ75613,BDDD 100,ENHANCED_RISK,0.0,5,5,0.0,0.0,UI03407,BIII 200,1.0
UQ75613,CSOO 100-5,ENHANCED_RISK,0.2,5,5,0.0,0.5,UI03407,CSHH 100,0.8
UQ75613,CSZZ 400,ENHANCED_RISK,0.2,5,5,0.0,0.5,UI03407,CSWW 300-1,0.8
UW19217,BAAA 100,ENHANCED_RISK,0.0,5,5,0.0,0.0,XF22811,BRRR 200,1.0
UW19217,CSUU 100,ENHANCED_RISK,0.4216666666666667,5,5,0.575,0.19166666666666676,XF22811,CSMM 100,0.5783333333333334
UW19217,BKKK 100,ENHANCED_RISK,0.3,5,5,0.5,0.0,XF22811,BBBB 100,0.7
UW19217,CSVV 200-6,ENHANCED_RISK,0.0,5,5,0.0,0.0,XF22811,CSXX 300,1.0
IC64770,CSGG 100,ENHANCED_RISK,0.395,5,5,0.32499999999999996,0.5,LW43189,CSUU 100,0.605
IC64770,CSLL 200,ENHANCED_RISK,0.345,5,5,0.575,0.0,LW43189,CSLL 100,0.655
IC64770,CSVV 200-6,ENHANCED_RISK,0.022499999999999985,5,5,0.03749999999999998,0.0,LW43189,CSXX 300,0.9775
VZ44817,BFFF 200,ENHANCED_RISK,0.07000000000000002,5,5,0.0,0.17500000000000004,ZR70228,BMMM 400,0.9299999999999999
VZ44817,CSUU 100,ENHANCED_RISK,0.0,5,5,0.0,0.0,ZR70228,CSMM 100,1.0
VZ44817,CSOO 100,ENHANCED_RISK,0.0,5,5,0.0,0.0,ZR70228,CSWW 300-1,1.0
SO32653,CSHH 100,ENHANCED_RISK,0.0,5,5,0.0,0.0,AC80631,CSOO 100-5,1.0
EN79233,BPPP 100-4,ENHANCED_RISK,0.014999999999999993,5,5,0.0,0.03749999999999998,JB50022,BOOO 100,0.985
EN79233,CSXX 400,ENHANCED_RISK,0.05,5,5,0.0,0.125,JB50022,CSGG 300,0.95
EN79233,CSCC 100,ENHANCED_RISK,0.265,5,5,0.32499999999999996,0.17500000000000004,JB50022,CSSS 100,0.735
EN79233,CSDD 200-8,ENHANCED_RISK,0.12999999999999998,5,5,0.0,0.32499999999999996,JB50022,CSLL 200,0.87
GS67776,CSMM 100,ENHANCED_RISK,0.07000000000000002,5,5,0.0,0.17500000000000004,YP96863,CSUU 100,0.9299999999999999
GS67776,BSSS 200,ENHANCED_RISK,0.1,5,5,0.0,0.25,YP96863,BWWW 300-7,0.9
BS35175,CSCC 100,ENHANCED_RISK,0.1725,5,5,0.2875,0.0,PQ95090,CSSS 100,0.8275
BS35175,CSOO 100-5,ENHANCED_RISK,0.24749999999999997,5,5,0.4125,0.0,PQ95090,CSHH 100,0.7525000000000001
XY08116,BKKK 100,ENHANCED_RISK,0.37499999999999994,5,5,0.575,0.07499999999999996,EQ20552,BBBB 100,0.625
MC01069,CSLL 200,ENHANCED_RISK,0.28500000000000003,5,5,0.25,0.3375,AK77343,CSLL 100,0.715
MC01069,CSHH 100,ENHANCED_RISK,0.0,5,5,0.0,0.0,AK77343,CSOO 100-5,1.0
GG69866,BOOO 200,ENHANCED_RISK,0.12999999999999998,5,5,0.0,0.32499999999999996,VE91633,BUUU 200,0.87
GG69866,CSTT 300,ENHANCED_RISK,0.029999999999999985,5,5,0.0,0.07499999999999996,VE91633,CSXX 300,0.97
GG69866,BKKK 100,ENHANCED_RISK,0.2,5,5,0.0,0.5,VE91633,BBBB 100,0.8
GG69866,BDDD 100-7,ENHANCED_RISK,0.22499999999999998,5,5,0.32499999999999996,0.07499999999999996,VE91633,BTTT 100,0.775
AB61397,BBBB 100,ENHANCED_RISK,0.20500000000000002,5,5,0.17500000000000004,0.25,LQ48753,BKKK 100,0.7949999999999999
AB61397,BPPP 100-4,ENHANCED_RISK,0.09999999999999998,5,5,0.16666666666666663,0.0,LQ48753,BOOO 100,0.9
AB61397,CSOO 100-5,ENHANCED_RISK,0.0,5,5,0.0,0.0,LQ48753,CSHH 100,1.0
AB61397,CSXX 300,ENHANCED_RISK,0.0,5,5,0.0,0.0,LQ48753,CSTT 300,1.0
AB61397,CSMM 100,ENHANCED_RISK,0.06499999999999999,5,5,0.0,0.16249999999999998,LQ48753,CSUU 100,0.935
ZW08884,BOOO 200-1-7,ENHANCED_RISK,0.1,5,5,0.0,0.25,GV08194,BUUU 200,0.9
DD05796,BOOO 100,ENHANCED_RISK,0.26999999999999996,5,5,0.44999999999999996,0.0,XU03007,BPPP 100-4,0.73
DD05796,BPPP 100-4,ENHANCED_RISK,0.15,5,5,0.25,0.0,XU03007,BOOO 100,0.85
DD05796,BAAA 100,ENHANCED_RISK,0.04499999999999997,5,5,0.07499999999999996,0.0,XU03007,BRRR 200,0.9550000000000001
DD05796,CSLL 200,ENHANCED_RISK,0.10500000000000002,5,5,0.17500000000000004,0.0,XU03007,CSLL 100,0.895
DD05796,CSOO 100,ENHANCED_RISK,0.2025,5,5,0.3375,0.0,XU03007,CSWW 300-1,0.7975
WP47510,BPPP 100-4,ENHANCED_RISK,0.22499999999999998,5,5,0.375,0.0,TH65834,BOOO 100,0.775
ZE73372,BOOO 200,ENHANCED_RISK,0.0,5,5,0.0,0.0,VV87942,BUUU 200,1.0
ZE73372,CSCC 100,ENHANCED_RISK,0.27999999999999997,5,5,0.4666666666666667,0.0,VV87942,CSSS 100,0.72
MT29155,BEEE 100,ENHANCED_RISK,0.07999999999999999,5,5,0.0,0.19999999999999996,DH29782,BSSS 200,0.92
SH66276,BTTT 100,ENHANCED_RISK,0.0,5,5,0.0,0.0,SW67044,BPPP 100,1.0
SH66276,CSVV 200-6,ENHANCED_RISK,0.345,5,5,0.575,0.0,SW67044,CSXX 300,0.655
CC56461,CSVV 100,ENHANCED_RISK,0.0,5,5,0.0,0.0,FR08008,CSDD 200,1.0
CC56461,BPPP 100-4,ENHANCED_RISK,0.0,5,5,0.0,0.0,FR08008,BOOO 100,1.0
TE24567,BFFF 200,ENHANCED_RISK,0.11999999999999997,5,5,0.19999999999999996,0.0,QC16992,BMMM 400,0.88
TE24567,BTTT 100,ENHANCED_RISK,0.2,5,5,0.33333333333333337,0.0,QC16992,BPPP 100,0.8
TE24567,CSVV 200-6,ENHANCED_RISK,0.0,5,5,0.0,0.0,QC16992,CSXX 300,1.0
TE24567,CSMM 100,ENHANCED_RISK,0.2,5,5,0.33333333333333337,0.0,QC16992,CSUU 100,0.8
TE24567,BOOO 200,ENHANCED_RISK,0.26999999999999996,5,5,0.44999999999999996,0.0,QC16992,BUUU 200,0.73
QI59110,BPPP 100-4,ENHANCED_RISK,0.04499999999999997,5,5,0.07499999999999996,0.0,UW19217,BOOO 100,0.9550000000000001
HD80972,CSYY 300,ENHANCED_RISK,0.0,5,5,0.0,0.0,BK68935,CSWW 300-8,1.0
HD80972,CSDD 300-2,ENHANCED_RISK,0.1,5,5,0.0,0.25,BK68935,CSWW 300-1,0.9
JN89090,CSOO 100-5,ENHANCED_RISK,0.029999999999999957,5,5,0.04999999999999993,0.0,OD49029,CSHH 100,0.9700000000000001
JN89090,CSCC 100,ENHANCED_RISK,0.19499999999999998,5,5,0.32499999999999996,0.0,OD49029,CSSS 100,0.805
DX77428,BAAA 100,ENHANCED_RISK,0.0,5,5,0.0,0.0,CL74126,BRRR 200,1.0
DX77428,BDDD 100-7,ENHANCED_RISK,0.0,5,5,0.0,0.0,CL74126,BTTT 100,1.0
SI76404,CSLL 200,ENHANCED_RISK,0.0,5,5,0.0,0.0,YU56270,CSLL 100,1.0
SI76404,BBBB 100,ENHANCED_RISK,0.0,5,5,0.0,0.0,YU56270,BKKK 100,1.0
TM02767,BEEE 100-7,ENHANCED_RISK,0.11500000000000005,5,5,0.19166666666666676,0.0,NY19168,BKKK 100-6,0.885
TM02767,CSDD 200-8,ENHANCED_RISK,0.1275,5,5,0.21250000000000002,0.0,NY19168,CSLL 200,0.8725
RA35570,CSVV 200-6,ENHANCED_RISK,0.255,5,5,0.42500000000000004,0.0,CZ30173,CSXX 300,0.745
RA35570,BDDD 100-6,ENHANCED_RISK,0.3,5,5,0.5,0.0,CZ30173,BVVV 200,0.7
RA35570,BEEE 100,ENHANCED_RISK,0.0,5,5,0.0,0.0,CZ30173,BSSS 200,1.0
RA35570,CSUU 100,ENHANCED_RISK,0.0,5,5,0.0,0.0,CZ30173,CSMM 100,1.0
RA35570,BDDD 100,ENHANCED_RISK,0.15,5,5,0.25,0.0,CZ30173,BIII 200,0.85
UQ16412,BDDD 100-7,ENHANCED_RISK,0.10500000000000002,5,5,0.17500000000000004,0.0,DN82087,BTTT 100,0.895
CG00630,BEEE 100-7,ENHANCED_RISK,0.24249999999999997,5,5,0.1875,0.32499999999999996,DZ54535,BKKK 100-6,0.7575000000000001
CG00630,CSLL 200,ENHANCED_RISK,0.26999999999999996,5,5,0.44999999999999996,0.0,DZ54535,CSLL 100,0.73
AV38083,BOOO 200-1-7,ENHANCED_RISK,0.0,5,5,0.0,0.0,QN65878,BUUU 200,1.0
TP48954,CSCC 100,ENHANCED_RISK,0.0,5,5,0.0,0.0,EI82612,CSSS 100,1.0
TP48954,CSLL 200,ENHANCED_RISK,0.12999999999999998,5,5,0.0,0.32499999999999996,EI82612,CSLL 100,0.87
AE07265,BOOO 200-1,ENHANCED_RISK,0.15,5,5,0.25,0.0,ZA48927,BOOO 200-1-7,0.85
SB13795,BBBB 100,ENHANCED_RISK,0.7,5,5,1.0,0.25,NR26587,BKKK 100,0.30000000000000004
SB13795,CSUU 100,ENHANCED_RISK,0.42500000000000004,5,5,0.42500000000000004,0.42500000000000004,NR26587,CSMM 100,0.575
KH53546,CSUU 100,ENHANCED_RISK,0.205,5,5,0.3416666666666667,0.0,HX73625,CSMM 100,0.795
KH53546,BVVV 200,ENHANCED_RISK,0.05,5,5,0.0,0.125,HX73625,BGGG 200,0.95
HA42507,CSUU 100,ENHANCED_RISK,0.19499999999999998,5,5,0.32499999999999996,0.0,JK40839,CSMM 100,0.805
HA42507,BPPP 100-4,ENHANCED_RISK,0.3,5,5,0.5,0.0,JK40839,BOOO 100,0.7
HA42507,BOOO 100,ENHANCED_RISK,0.255,5,5,0.42500000000000004,0.0,JK40839,BPPP 100-4,0.745
KI89942,CSSS 100,ENHANCED_RISK,0.12999999999999998,5,5,0.0,0.32499999999999996,MZ12172,CSCC 100,0.87
KI89942,CSDD 300-2,ENHANCED_RISK,0.265,5,5,0.0,0.6625,MZ12172,CSWW 300-1,0.735
KI89942,CSXX 400,ENHANCED_RISK,0.05,5,5,0.0,0.125,MZ12172,CSGG 300,0.95
BO21555,BOOO 200-1,ENHANCED_RISK,0.04499999999999997,5,5,0.07499999999999996,0.0,ZO49638,BOOO 200-1-7,0.9550000000000001
BO21555,BSSS 400-4,ENHANCED_RISK,0.0,5,5,0.0,0.0,ZO49638,BSSS 400,1.0
JO70813,CSGG 100,ENHANCED_RISK,0.0,5,5,0.0,0.0,QA17679,CSUU 100,1.0
JO70813,BPPP 300,ENHANCED_RISK,0.12999999999999998,5,5,0.0,0.32499999999999996,QA17679,BKKK 300,0.87
KV04245,CSBB 300,ENHANCED_RISK,0.0,5,5,0.0,0.0,DC71733,CSSS 300,1.0
NG03808,BOOO 200-1,ENHANCED_RISK,0.355,5,5,0.375,0.32499999999999996,SY23613,BOOO 200-1-7,0.645
NG03808,CSLL 200,ENHANCED_RISK,0.345,5,5,0.575,0.0,SY23613,CSLL 100,0.655
NG03808,BKKK 100,ENHANCED_RISK,0.05250000000000001,5,5,0.08750000000000002,0.0,SY23613,BBBB 100,0.9475
SW67044,CSHH 100,ENHANCED_RISK,0.1,5,5,0.0,0.25,GG00479,CSOO 100-5,0.9
SW67044,BOOO 100,ENHANCED_RISK,0.022499999999999985,5,5,0.03749999999999998,0.0,GG00479,BPPP 100-4,0.9775
SW67044,BKKK 100-6,ENHANCED_RISK,0.06500000000000003,5,5,0.10833333333333339,0.0,GG00479,BEEE 100-7,0.9349999999999999
SV27088,BDDD 100-7,ENHANCED_RISK,0.265,5,5,0.32499999999999996,0.17500000000000004,MV31622,BTTT 100,0.735
VH70881,BFFF 200,ENHANCED_RISK,0.20125,5,5,0.14375000000000004,0.2875,NU86304,BMMM 400,0.79875
AC80631,CSJJ 300,ENHANCED_RISK,0.8,5,5,1.0,0.5,SO32653,CSDD 300,0.19999999999999996
AM23445,CSXX 300,ENHANCED_RISK,0.07000000000000002,5,5,0.0,0.17500000000000004,VY59115,CSTT 300,0.9299999999999999
AM23445,BOOO 200-1-7,ENHANCED_RISK,0.1,5,5,0.0,0.25,VY59115,BUUU 200,0.9
AM23445,BKKK 100,ENHANCED_RISK,0.32999999999999996,5,5,0.32499999999999996,0.3375,VY59115,BBBB 100,0.67
AM23445,CSBB 300,ENHANCED_RISK,0.0,5,5,0.0,0.0,VY59115,CSSS 300,1.0
SY90566,BWWW 300,ENHANCED_RISK,0.0,5,5,0.0,0.0,MU66491,BVVV 200,1.0
SY90566,BPPP 100-4,ENHANCED_RISK,0.0,5,5,0.0,0.0,MU66491,BOOO 100,1.0
SY90566,BOOO 200,ENHANCED_RISK,0.0,5,5,0.0,0.0,MU66491,BUUU 200,1.0
GW02822,CSOO 100,ENHANCED_RISK,0.0,5,5,0.0,0.0,SI69234,CSWW 300-1,1.0
JK25831,BDDD 100-7,ENHANCED_RISK,0.11499999999999999,5,5,0.07499999999999996,0.17500000000000004,BX47139,BTTT 100,0.885
KQ05710,CSDD 200-8,ENHANCED_RISK,0.12999999999999998,5,5,0.0,0.32499999999999996,DM00531,CSLL 200,0.87
KQ05710,CSMM 100,ENHANCED_RISK,0.2975,5,5,0.4125,0.125,DM00531,CSUU 100,0.7025
HV25022,BEEE 100,ENHANCED_RISK,0.12000000000000002,5,5,0.0,0.30000000000000004,PB53518,BSSS 200,0.88
HV25022,CSUU 100,ENHANCED_RISK,0.0,5,5,0.0,0.0,PB53518,CSMM 100,1.0
HV25022,BDDD 100,ENHANCED_RISK,0.0,5,5,0.0,0.0,PB53518,BIII 200,1.0
JD19488,BBBB 100,ENHANCED_RISK,0.10499999999999998,5,5,0.125,0.07499999999999996,ES11785,BKKK 100,0.895
JD19488,BTTT 100,ENHANCED_RISK,0.18,5,5,0.25,0.07499999999999996,ES11785,BPPP 100,0.8200000000000001
BL66072,CSDD 200-8,ENHANCED_RISK,0.17000000000000004,5,5,0.0,0.42500000000000004,PA17486,CSLL 200,0.83
QO91675,BOOO 200,ENHANCED_RISK,0.0,5,5,0.0,0.0,CC42388,BUUU 200,1.0
QO91675,CSCC 100,ENHANCED_RISK,0.0,5,5,0.0,0.0,CC42388,CSSS 100,1.0
QO91675,CSDD 200-8,ENHANCED_RISK,0.0,5,5,0.0,0.0,CC42388,CSLL 200,1.0
QO91675,CSUU 100,ENHANCED_RISK,0.0,5,5,0.0,0.0,CC42388,CSMM 100,1.0
PN72269,CSVV 100,ENHANCED_RISK,0.15,5,5,0.25,0.0,PY96277,CSDD 200,0.85
PN72269,CSDD 200-8,ENHANCED_RISK,0.15,5,5,0.25,0.0,PY96277,CSLL 200,0.85
PN72269,CSUU 100,ENHANCED_RISK,0.10500000000000002,5,5,0.17500000000000004,0.0,PY96277,CSMM 100,0.895
XU03007,CSOO 100-5,ENHANCED_RISK,0.1275,5,5,0.21250000000000002,0.0,XU03007,CSHH 100,0.8725
XU03007,CSOO 100,ENHANCED_RISK,0.2025,5,5,0.3375,0.0,XU03007,CSWW 300-1,0.7975
XU03007,CSXX 200,ENHANCED_RISK,0.17999999999999997,5,5,0.29999999999999993,0.0,XU03007,CSBB 300-3,0.8200000000000001
QR66526,BCCC 300,ENHANCED_RISK,0.0,5,5,0.0,0.0,IP47052,BIII 200,1.0
QR66526,CSCC 100,ENHANCED_RISK,0.0,5,5,0.0,0.0,IP47052,CSSS 100,1.0
QR66526,BOOO 200-1-7,ENHANCED_RISK,0.05,5,5,0.0,0.125,IP47052,BUUU 200,0.95
QR66526,CSGG 300,ENHANCED_RISK,0.06499999999999999,5,5,0.0,0.16249999999999998,IP47052,CSVV 200-5,0.935
QR66526,CSLL 200,ENHANCED_RISK,0.255,5,5,0.42500000000000004,0.0,IP47052,CSLL 100,0.745
SO43400,BPPP 300,ENHANCED_RISK,0.12999999999999998,5,5,0.0,0.32499999999999996,GW02822,BKKK 300,0.87
SO43400,CSWW 300-1,ENHANCED_RISK,0.029999999999999985,5,5,0.0,0.07499999999999996,GW02822,CSZZ 400,0.97
WR86550,BBBB 100,ENHANCED_RISK,0.19499999999999998,5,5,0.32499999999999996,0.0,OI48144,BKKK 100,0.805
XN88522,CSVV 200-5,ENHANCED_RISK,0.345,5,5,0.575,0.0,HJ01440,CSGG 300,0.655
CP51111,CSDD 200-8,ENHANCED_RISK,0.0,5,5,0.0,0.0,NU86304,CSLL 200,1.0
CP51111,CSVV 100,ENHANCED_RISK,0.16499999999999995,5,5,0.2749999999999999,0.0,NU86304,CSDD 200,0.8350000000000001
EX11754,CSVV 100,ENHANCED_RISK,0.15,5,5,0.25,0.0,OI21918,CSDD 200,0.85
EX11754,CSOO 100-5,ENHANCED_RISK,0.12999999999999998,5,5,0.0,0.32499999999999996,OI21918,CSHH 100,0.87
EX11754,BBBB 100,ENHANCED_RISK,0.0,5,5,0.0,0.0,OI21918,BKKK 100,1.0
GH35623,CSXX 200,ENHANCED_RISK,0.022499999999999985,5,5,0.03749999999999998,0.0,UR90897,CSBB 300-3,0.9775
GO44227,BDDD 200,ENHANCED_RISK,0.0,5,5,0.0,0.0,FY79625,BPPP 300,1.0
GO44227,CSXX 200,ENHANCED_RISK,0.0,5,5,0.0,0.0,FY79625,CSBB 300-3,1.0
JS72025,BPPP 100-4,ENHANCED_RISK,0.09749999999999999,5,5,0.16249999999999998,0.0,SR65383,BOOO 100,0.9025
JS72025,CSLL 200,ENHANCED_RISK,0.0,5,5,0.0,0.0,SR65383,CSLL 100,1.0
JS72025,CSXX 200,ENHANCED_RISK,0.0,5,5,0.0,0.0,SR65383,CSBB 300-3,1.0
JS72025,BKKK 100,ENHANCED_RISK,0.10500000000000002,5,5,0.17500000000000004,0.0,SR65383,BBBB 100,0.895
PK66458,BDDD 100-7,ENHANCED_RISK,0.125,5,5,0.0,0.3125,PB00826,BTTT 100,0.875
IC91736,CSMM 100,ENHANCED_RISK,0.10500000000000002,5,5,0.17500000000000004,0.0,XK72404,CSUU 100,0.895
IC91736,BOOO 200,ENHANCED_RISK,0.27499999999999997,5,5,0.07499999999999996,0.575,XK72404,BUUU 200,0.7250000000000001
IC91736,CSLL 100,ENHANCED_RISK,0.07499999999999996,5,5,0.07499999999999996,0.07499999999999996,XK72404,CSLL 200,0.925
IC91736,BEEE 100,ENHANCED_RISK,0.20500000000000002,5,5,0.17500000000000004,0.25,XK72404,BSSS 200,0.7949999999999999
ZA48927,CSEE 200,ENHANCED_RISK,0.15,5,5,0.25,0.0,AE07265,CSMM 100,0.85
ZA48927,BOOO 200-1,ENHANCED_RISK,0.15,5,5,0.25,0.0,AE07265,BOOO 200-1-7,0.85
ZA48927,BAAA 100,ENHANCED_RISK,0.0,5,5,0.0,0.0,AE07265,BRRR 200,1.0
NU44933,BWWW 200,ENHANCED_RISK,0.0,5,5,0.0,0.0,OL13449,BGGG 200,1.0
NU44933,CSGG 100,ENHANCED_RISK,0.0,5,5,0.0,0.0,OL13449,CSUU 100,1.0
PI62046,CSOO 100-5,ENHANCED_RISK,0.10500000000000002,5,5,0.17500000000000004,0.0,QC16992,CSHH 100,0.895
PI62046,BEEE 100-7,ENHANCED_RISK,0.175,5,5,0.125,0.25,QC16992,BKKK 100-6,0.825
ES11785,BAAA 100,ENHANCED_RISK,0.0,5,5,0.0,0.0,JD19488,BRRR 200,1.0
VQ54716,CSOO 100-5,ENHANCED_RISK,0.0,5,5,0.0,0.0,ZF08888,CSHH 100,1.0
VQ54716,BDDD 100,ENHANCED_RISK,0.0,5,5,0.0,0.0,ZF08888,BIII 200,1.0
VQ54716,BOOO 200-1,ENHANCED_RISK,0.2025,5,5,0.3375,0.0,ZF08888,BOOO 200-1-7,0.7975
FM59787,CSOO 100,ENHANCED_RISK,0.10500000000000002,5,5,0.17500000000000004,0.0,GI86344,CSWW 300-1,0.895
FM59787,CSXX 200,ENHANCED_RISK,0.075,5,5,0.125,0.0,GI86344,CSBB 300-3,0.925
CH68474,CSHH 100,ENHANCED_RISK,0.0,5,5,0.0,0.0,LT70296,CSOO 100-5,1.0
CH68474,BWWW 300-7,ENHANCED_RISK,0.0,5,5,0.0,0.0,LT70296,BUUU 400,1.0
CW84107,CSXX 200,ENHANCED_RISK,0.27499999999999997,5,5,0.07499999999999996,0.575,GZ96627,CSBB 300-3,0.7250000000000001
CW84107,BOOO 200-1-7,ENHANCED_RISK,0.075,5,5,0.125,0.0,GZ96627,BUUU 200,0.925
CW84107,CSLL 200,ENHANCED_RISK,0.40249999999999997,5,5,0.2875,0.575,GZ96627,CSLL 100,0.5975
LV71482,CSVV 100,ENHANCED_RISK,0.10500000000000002,5,5,0.17500000000000004,0.0,JT48803,CSDD 200,0.895
LV71482,CSGG 100,ENHANCED_RISK,0.0,5,5,0.0,0.0,JT48803,CSUU 100,1.0
DN82087,CSOO 100-5,ENHANCED_RISK,0.405,5,5,0.675,0.0,SI97003,CSHH 100,0.595
YH60582,CSOO 100-5,ENHANCED_RISK,0.0,5,5,0.0,0.0,CK01141,CSHH 100,1.0
NN49334,BUUU 200,ENHANCED_RISK,0.11999999999999998,5,5,0.0,0.29999999999999993,XU03007,BOOO 200-1-7,0.88
NN49334,CSSS 300,ENHANCED_RISK,0.07000000000000002,5,5,0.0,0.17500000000000004,XU03007,CSWW 300-8,0.9299999999999999
BQ11368,CSMM 100,ENHANCED_RISK,0.0,5,5,0.0,0.0,ZH53474,CSUU 100,1.0
BQ11368,CSXX 200,ENHANCED_RISK,0.0,5,5,0.0,0.0,ZH53474,CSBB 300-3,1.0
OV65626,CSVV 100,ENHANCED_RISK,0.32249999999999995,5,5,0.5375,0.0,GO91642,CSDD 200,0.6775
OV65626,CSXX 200,ENHANCED_RISK,0.04499999999999997,5,5,0.07499999999999996,0.0,GO91642,CSBB 300-3,0.9550000000000001
CC47032,BDDD 100,ENHANCED_RISK,0.255,5,5,0.42500000000000004,0.0,CP47069,BIII 200,0.745
RR29350,BOOO 200-1,ENHANCED_RISK,0.6,5,5,1.0,0.0,KL43217,BOOO 200-1-7,0.4
RR29350,BBBB 100,ENHANCED_RISK,0.0,5,5,0.0,0.0,KL43217,BKKK 100,1.0
RR29350,CSLL 200,ENHANCED_RISK,0.04499999999999997,5,5,0.07499999999999996,0.0,KL43217,CSLL 100,0.9550000000000001
RR29350,BEEE 100,ENHANCED_RISK,0.0,5,5,0.0,0.0,KL43217,BSSS 200,1.0
ZF22876,BDDD 100,ENHANCED_RISK,0.0,5,5,0.0,0.0,OU70898,BIII 200,1.0
ZF22876,CSVV 200-6,ENHANCED_RISK,0.04499999999999997,5,5,0.07499999999999996,0.0,OU70898,CSXX 300,0.9550000000000001
MN32629,CSHH 100,ENHANCED_RISK,0.6225,5,5,0.5375,0.75,YV44657,CSOO 100-5,0.37749999999999995
MN32629,CSVV 200-6,ENHANCED_RISK,0.19250000000000003,5,5,0.03749999999999998,0.42500000000000004,YV44657,CSXX 300,0.8075
SN01144,BOOO 200-1,ENHANCED_RISK,0.075,5,5,0.125,0.0,QC16992,BOOO 200-1-7,0.925
RX90619,CSWW 300-8,ENHANCED_RISK,0.029999999999999985,5,5,0.0,0.07499999999999996,NA33764,CSSS 300,0.97
QJ86354,CSXX 400,ENHANCED_RISK,0.2,5,5,0.0,0.5,RD07730,CSGG 300,0.8
QJ86354,BDDD 200,ENHANCED_RISK,0.0,5,5,0.0,0.0,RD07730,BPPP 300,1.0
