:START_ID(Student),:END_ID(Course),:TYPE,risk_score:float,risk_level:string,pass_probability:float,student_gpa:float,course_difficulty:float,learning_style_match:float,workload_compatibility:float,historical_performance:float,similar_students_performance:float
OK81531,CSUU 100,RISK,0.20108333333333328,MEDIUM,0.7989166666666667,2.8666666666666667,2,0.89,1.0,2.5,3.7
IY69973,BMMM 300,RISK,0.27174999999999994,MEDIUM,0.7282500000000001,2.8,3,0.98,1.0,2.5,2.5
IY69973,CSXX 200,RISK,0.37124999999999997,MEDIUM,0.62875,2.8,4,0.65,1.0,2.5,2.5
HB37854,BOOO 200-1-7,RISK,0.3340000000000001,MEDIUM,0.6659999999999999,2.5,3,0.69,1.0,2.5,2.5
HB37854,BEEE 100-7,RISK,0.21750000000000003,MEDIUM,0.7825,2.5,1,0.8,1.0,2.5,2.5
SG17134,CSMM 100,RISK,0.24431249999999993,MEDIUM,0.7556875000000001,3.575,3,0.84,1.0,2.5,2.5
AT15854,BOOO 200-1,RISK,0.4911428571428571,HIGH,0.5088571428571429,2.5,4,0.69,0.2857142857142857,2.5,2.5
MT73139,BPPP 100-4,RISK,0.2447968749999999,MEDIUM,0.7552031250000001,2.83125,3,0.98,0.8333333333333334,3.3,3.3
MT73139,CSCC 100,RISK,0.30065401785714285,MEDIUM,0.6993459821428571,2.83125,4,0.96,0.7142857142857143,4.0,2.85
MT73139,CSVV 200-6,RISK,0.24415401785714286,MEDIUM,0.7558459821428571,2.83125,2,0.87,0.7142857142857143,3.4333333333333336,2.5
MT73139,BKKK 100,RISK,0.294296875,MEDIUM,0.705703125,2.83125,3,0.75,1.0,2.766666666666667,2.5
PQ95090,CSGG 300,RISK,0.25132954545454544,MEDIUM,0.7486704545454546,3.022727272727273,2,0.64,1.0,2.7,2.5
PQ95090,CSHH 100,RISK,0.2980795454545455,MEDIUM,0.7019204545454545,3.022727272727273,4,0.92,1.0,3.0,2.5
MV65510,CSHH 100,RISK,0.3135,MEDIUM,0.6865,3.1,4,0.71,1.0,3.3,2.5
MV65510,CSVV 200,RISK,0.22999999999999998,MEDIUM,0.77,3.1,2,0.8,1.0,2.5,2.5
AK77343,BOOO 200-1-7,RISK,0.3225,MEDIUM,0.6775,2.78,3,0.65,1.0,2.5,2.5
RU47578,CSMM 100,RISK,0.2272763157894736,MEDIUM,0.7727236842105264,3.0315789473684207,3,0.88,1.0,3.7,2.5
RU47578,BKKK 300,RISK,0.2677763157894737,MEDIUM,0.7322236842105263,3.0315789473684207,3,0.91,1.0,2.5,2.5
RU47578,CSUU 100,RISK,0.18890131578947367,LOW,0.8110986842105263,3.0315789473684207,2,0.89,1.0,3.35,2.5
FH04432,BOOO 200-1,RISK,0.3215,MEDIUM,0.6785,3.5,4,0.69,1.0,2.5,2.5
NY19168,CSUU 100,RISK,0.2306666666666667,MEDIUM,0.7693333333333333,3.1733333333333333,2,0.89,1.0,2.0,2.5
NV21553,BDDD 100-7,RISK,0.257,MEDIUM,0.743,2.5,2,0.87,1.0,2.5,2.5
GG00479,CSHH 100,RISK,0.2690208333333334,MEDIUM,0.7309791666666666,3.391666666666666,4,0.71,1.0,4.0,2.5
OE55372,CSVV 200-6,RISK,0.24215624999999996,MEDIUM,0.75784375,2.7375,2,0.87,1.0,2.5,2.5
XU26284,CSUU 100,RISK,0.21806250000000005,MEDIUM,0.7819375,2.575,2,0.89,1.0,3.0,3.0
MI44941,CSOO 100,RISK,0.2993125000000001,MEDIUM,0.7006874999999999,3.075,4,0.89,1.0,3.0,2.5
MI44941,CSVV 100,RISK,0.2199375,MEDIUM,0.7800625,3.075,2,0.84,1.0,2.65,2.5
DU81516,CSMM 100,RISK,0.26487499999999997,MEDIUM,0.735125,3.15,3,0.88,1.0,2.5,2.5
KY68436,CSXX 200,RISK,0.37,MEDIUM,0.63,2.7,4,0.7,1.0,2.5,2.5
KY68436,BOOO 200,RISK,0.2855,MEDIUM,0.7145,2.7,3,0.73,1.0,3.3,2.5
KY68436,CSOO 100,RISK,0.3415,MEDIUM,0.6585,2.7,4,0.89,1.0,2.5,2.5
KY68436,CSLL 100,RISK,0.35949999999999993,MEDIUM,0.6405000000000001,2.7,4,0.72,1.0,2.7,2.5
KY68436,CSHH 100,RISK,0.30699999999999994,MEDIUM,0.6930000000000001,2.7,4,0.92,1.0,3.3,2.5
QH07311,BAAA 100,RISK,0.39,MEDIUM,0.61,2.5,4,0.65,1.0,2.5,2.5
DH29782,BOOO 200-1,RISK,0.3705833333333334,MEDIUM,0.6294166666666666,2.6666666666666665,4,0.71,1.0,2.5,2.5
DH29782,CSMM 100,RISK,0.28908333333333336,MEDIUM,0.7109166666666666,2.6666666666666665,3,0.92,1.0,2.5,2.5
HJ37611,CSUU 100,RISK,0.2223229166666667,MEDIUM,0.7776770833333333,2.670833333333333,2,0.73,1.0,3.7,2.5
HJ37611,CSEE 200,RISK,0.27407291666666667,MEDIUM,0.7259270833333333,2.670833333333333,3,0.81,1.0,3.3333333333333335,2.5
XD98281,BAAA 100,RISK,0.3312857142857143,MEDIUM,0.6687142857142857,2.6714285714285717,4,0.97,1.0,2.5,2.5
CL74126,BTTT 100,RISK,0.2154583333333333,MEDIUM,0.7845416666666667,3.716666666666667,2,0.64,1.0,2.5,2.5
CL74126,BKKK 100,RISK,0.25045833333333334,MEDIUM,0.7495416666666667,3.716666666666667,3,0.74,1.0,2.5,2.5
YQ67104,CSEE 200,RISK,0.25687499999999996,MEDIUM,0.743125,2.99,3,0.8,1.0,3.3,2.5
CS89406,CSDD 200-8,RISK,0.36,MEDIUM,0.64,2.5,4,0.85,1.0,2.5,2.5
CS89406,BFFF 200,RISK,0.275,MEDIUM,0.725,2.5,2,0.75,1.0,2.5,2.5
EX41570,CSTT 300,RISK,0.2761607142857142,MEDIUM,0.7238392857142858,2.8114285714285714,2,0.65,1.0,2.35,2.5
EX41570,BKKK 100,RISK,0.25603571428571437,MEDIUM,0.7439642857142856,2.8114285714285714,3,0.87,1.0,3.34,2.5
EX41570,CSUU 100,RISK,0.2152857142857143,MEDIUM,0.7847142857142857,2.8114285714285714,2,0.86,1.0,3.1333333333333333,2.5
EX41570,CSXX 400,RISK,0.2229107142857143,MEDIUM,0.7770892857142857,2.8114285714285714,2,0.88,1.0,2.85,2.5
EX41570,CSGG 300,RISK,0.25703571428571426,MEDIUM,0.7429642857142857,2.8114285714285714,2,0.69,1.0,2.7,2.5
OQ52775,CSVV 200-6,RISK,0.17637499999999995,LOW,0.823625,3.25,2,0.97,1.0,3.0,2.5
OQ52775,CSHH 100,RISK,0.28912499999999997,MEDIUM,0.710875,3.25,4,0.71,1.0,3.7,2.5
QC16992,CSVV 200-5,RISK,0.3980416666666666,MEDIUM,0.6019583333333334,2.833333333333333,4,0.67,1.0,1.65,2.5
QC16992,BOOO 200,RISK,0.27379166666666666,MEDIUM,0.7262083333333333,2.833333333333333,3,0.74,1.0,3.35,2.5
HP58319,CSXX 400,RISK,0.25122222222222224,MEDIUM,0.7487777777777778,3.1444444444444444,2,0.64,1.0,2.5,2.5
DV71153,BSSS 200,RISK,0.2828124999999999,MEDIUM,0.7171875000000001,2.575,3,0.95,1.0,2.7,2.5
DV71153,CSHH 100,RISK,0.37068750000000006,MEDIUM,0.6293124999999999,2.575,4,0.71,1.0,2.65,2.5
VY44580,CSHH 100,RISK,0.4381634615384614,HIGH,0.5618365384615386,2.5153846153846158,4,0.61,1.0,1.35,2.5
SY23613,CSCC 100,RISK,0.31776470588235295,MEDIUM,0.682235294117647,2.911764705882353,4,0.96,1.0,2.5,2.5
SY23613,BIII 300,RISK,0.3012647058823529,MEDIUM,0.6987352941176471,2.911764705882353,3,0.67,1.0,2.766666666666667,2.5
UP38205,CSXX 400,RISK,0.23726190476190478,MEDIUM,0.7627380952380952,3.223809523809524,2,0.7,1.0,2.5,2.5
ME50223,CSXX 200,RISK,0.3769285714285714,MEDIUM,0.6230714285714286,2.757142857142857,4,0.63,1.0,2.5,2.5
ME50223,BDDD 100-7,RISK,0.2679285714285714,MEDIUM,0.7320714285714286,2.757142857142857,2,0.69,1.0,2.5,2.5
PY96277,CSVV 200-6,RISK,0.257,MEDIUM,0.743,2.5,2,0.87,1.0,2.5,2.5
ED91611,BDDD 100,RISK,0.3325,MEDIUM,0.6675,2.5,3,0.7,1.0,2.5,2.5
ED91611,BPPP 100-4,RISK,0.28900000000000003,MEDIUM,0.711,2.5,3,0.99,1.0,2.5,2.5
HW32468,CSLL 100,RISK,0.3114444444444444,MEDIUM,0.6885555555555556,3.288888888888889,4,0.72,1.0,3.0,2.5
CU42149,CSTT 300,RISK,0.16974999999999996,LOW,0.83025,3.236,2,0.77,1.0,4.0,2.5
CU42149,BOOO 200-1-7,RISK,0.2139375,MEDIUM,0.7860625,3.236,3,0.89,1.0,3.675,2.5
CU42149,CSSS 100,RISK,0.275,MEDIUM,0.725,3.236,4,0.76,1.0,3.9,2.5
GV39335,CSEE 200,RISK,0.15104166666666663,LOW,0.8489583333333334,3.783333333333333,3,1.0,1.0,4.0,2.5
GV39335,BEEE 100,RISK,0.20654166666666662,MEDIUM,0.7934583333333334,3.783333333333333,3,0.88,1.0,3.0,2.5
GV39335,BOOO 100,RISK,0.2662916666666667,MEDIUM,0.7337083333333333,3.783333333333333,4,0.94,1.0,2.5,2.5
AY80987,CSVV 200-6,RISK,0.21324999999999994,MEDIUM,0.7867500000000001,3.08,2,0.67,1.0,3.5,2.5
AY80987,CSGG 100,RISK,0.28575000000000006,MEDIUM,0.7142499999999999,3.08,3,0.77,1.0,2.5,2.5
AY80987,CSXX 200,RISK,0.34625000000000006,MEDIUM,0.6537499999999999,3.08,4,0.7,1.0,2.5,2.5
AY80987,CSOO 100,RISK,0.27274999999999994,MEDIUM,0.7272500000000001,3.08,4,0.89,1.0,3.7,2.5
AY80987,CSLL 200,RISK,0.34025000000000005,MEDIUM,0.65975,3.08,4,0.74,1.0,2.5,2.5
IJ96831,BTTT 100,RISK,0.2915,MEDIUM,0.7085,2.5,2,0.64,1.0,2.5,2.5
IJ96831,BDDD 100-7,RISK,0.2975,MEDIUM,0.7025,2.5,2,0.6,1.0,2.5,2.5
IJ96831,BDDD 100,RISK,0.2905,MEDIUM,0.7095,2.5,3,0.98,1.0,2.5,2.5
VQ35540,CSCC 100,RISK,0.30421428571428566,MEDIUM,0.6957857142857143,3.1285714285714286,4,0.96,1.0,2.5,2.5
VQ35540,BDDD 100,RISK,0.2714642857142857,MEDIUM,0.7285357142857143,3.1285714285714286,3,0.72,1.0,3.0,2.5
OU85187,CSUU 100,RISK,0.24915384615384606,MEDIUM,0.7508461538461539,2.661538461538462,2,0.73,1.0,3.0,2.5
OU85187,CSWW 300-8,RISK,0.3284038461538461,MEDIUM,0.6715961538461539,2.661538461538462,3,0.86,1.0,1.7,2.5
GX14710,CSGG 300,RISK,0.25275000000000003,MEDIUM,0.74725,3.0,2,0.69,1.0,2.5,2.5
NT23463,BDDD 100-7,RISK,0.2448611111111112,MEDIUM,0.7551388888888888,3.222222222222222,2,0.6,1.0,2.7,2.5
YU56270,BOOO 200,RISK,0.40214285714285714,HIGH,0.5978571428571429,2.5,3,0.95,0.2857142857142857,2.5,2.5
YU56270,CSVV 100,RISK,0.38250000000000006,MEDIUM,0.6174999999999999,2.5,2,0.7,0.3333333333333333,2.5,2.5
YU56270,CSUU 100,RISK,0.3334999999999999,MEDIUM,0.6665000000000001,2.5,2,0.96,0.4,2.5,2.5
VE91633,BOOO 200-1-7,RISK,0.3340000000000001,MEDIUM,0.6659999999999999,2.5,3,0.69,1.0,2.5,2.5
VE91633,CSXX 200,RISK,0.393,MEDIUM,0.607,2.5,4,0.63,1.0,2.5,2.5
VE91633,CSCC 100,RISK,0.38849999999999996,MEDIUM,0.6115,2.5,4,0.66,1.0,2.5,2.5
EE55409,CSOO 100,RISK,0.37950000000000006,MEDIUM,0.6204999999999999,2.5,4,0.72,1.0,2.5,2.5
YY49574,BEEE 300,RISK,0.20992187499999992,MEDIUM,0.7900781250000001,3.0812500000000003,3,0.9,1.0,4.0,2.5
YY49574,CSXX 200,RISK,0.33492187500000004,MEDIUM,0.665078125,3.0812500000000003,4,0.65,1.0,3.0,2.5
LL33767,CSLL 200,RISK,0.3613333333333333,MEDIUM,0.6386666666666667,2.8866666666666663,4,0.73,1.0,2.3,2.5
LL33767,BDDD 100-6,RISK,0.31433333333333335,MEDIUM,0.6856666666666666,2.8866666666666663,3,0.76,1.0,2.1,2.5
DW84212,CSXX 400,RISK,0.25570454545454535,MEDIUM,0.7442954545454546,3.072727272727273,2,0.64,1.0,2.5,2.5
DW84212,BOOO 100,RISK,0.3632045454545455,MEDIUM,0.6367954545454545,3.072727272727273,4,0.79,1.0,1.7,2.5
DW84212,BAAA 100,RISK,0.3392045454545455,MEDIUM,0.6607954545454545,3.072727272727273,4,0.75,1.0,2.5,2.5
ZB52812,BPPP 100-4,RISK,0.257375,MEDIUM,0.742625,3.35,3,0.98,1.0,2.5,1.7
WL78864,BEEE 100,RISK,0.3059375,MEDIUM,0.6940625,2.925,3,0.7,1.0,2.5,2.5
WL78864,CSVV 100,RISK,0.23493750000000002,MEDIUM,0.7650625,2.925,2,0.84,1.0,2.5,2.5
DM00531,CSVV 100,RISK,0.23343749999999996,MEDIUM,0.7665625,2.925,2,0.85,1.0,2.5,2.5
DM00531,CSLL 200,RISK,0.33943750000000006,MEDIUM,0.6605624999999999,2.925,4,0.81,1.0,2.5,2.5
DM00531,CSSS 200,RISK,0.25893749999999993,MEDIUM,0.7410625000000001,2.925,2,0.68,1.0,2.5,2.5
TD57885,BEEE 400,RISK,0.2723214285714285,MEDIUM,0.7276785714285715,2.5928571428571425,3,0.9,1.0,3.15,2.5
TD57885,BDDD 100,RISK,0.2846964285714285,MEDIUM,0.7153035714285715,2.5928571428571425,3,0.98,1.0,2.5,2.5
FY79625,CSUU 100,RISK,0.25849999999999995,MEDIUM,0.7415,2.5,2,0.86,1.0,2.5,2.5
QW32234,BBBB 100,RISK,0.287017857142857,MEDIUM,0.712982142857143,2.935714285714286,3,0.78,1.0,3.0,2.0
QW32234,CSMM 100,RISK,0.2892678571428571,MEDIUM,0.7107321428571429,2.935714285714286,3,0.84,1.0,2.5,2.3
QW32234,BOOO 200-1-7,RISK,0.23926785714285714,MEDIUM,0.7607321428571429,2.935714285714286,3,0.89,1.0,2.5,4.0
QW32234,BPPP 300,RISK,0.30976785714285704,MEDIUM,0.690232142857143,2.935714285714286,3,0.62,1.0,2.7,2.5
YM96361,BOOO 100,RISK,0.38656250000000003,MEDIUM,0.6134375,2.6749999999999994,4,0.6,1.0,2.5,2.5
YM96361,BBBB 100,RISK,0.3020625,MEDIUM,0.6979375,2.6749999999999994,3,0.83,1.0,2.5,2.5
OX69491,BKKK 100,RISK,0.32500000000000007,MEDIUM,0.6749999999999999,2.5,3,0.75,1.0,2.5,2.5
OX69491,CSUU 100,RISK,0.24349999999999994,MEDIUM,0.7565000000000001,2.5,2,0.96,1.0,2.5,2.5
OX69491,BKKK 100-6,RISK,0.3205,MEDIUM,0.6795,2.5,3,0.78,1.0,2.5,2.5
OX69491,CSVV 100,RISK,0.2825,MEDIUM,0.7175,2.5,2,0.7,1.0,2.5,2.5
RG32251,CSHH 100,RISK,0.32262499999999994,MEDIUM,0.6773750000000001,3.0500000000000003,4,0.92,1.0,2.3,2.5
RG32251,CSDD 200-8,RISK,0.3331249999999999,MEDIUM,0.6668750000000001,3.0500000000000003,4,0.85,1.0,2.3,2.5
YV44657,BOOO 200,RISK,0.21875,MEDIUM,0.78125,3.0,3,0.95,1.0,3.7,2.5
YV44657,BDDD 100,RISK,0.29825,MEDIUM,0.70175,3.0,3,0.72,1.0,2.5,2.5
YD30649,CSUU 100,RISK,0.2013645833333333,MEDIUM,0.7986354166666667,2.8541666666666665,2,0.96,1.0,2.5,3.3
YD30649,BFFF 200,RISK,0.18269791666666668,LOW,0.8173020833333333,2.8541666666666665,2,0.74,1.0,3.7,3.5666666666666664
YD30649,BOOO 100,RISK,0.3093645833333333,MEDIUM,0.6906354166666667,2.8541666666666665,4,0.94,1.0,2.9,2.5
SA03777,CSOO 100,RISK,0.362,MEDIUM,0.638,2.54,4,0.82,1.0,2.5,2.5
SA03777,CSOO 100-5,RISK,0.3434999999999999,MEDIUM,0.6565000000000001,2.54,3,0.61,1.0,2.5,2.5
CG68095,CSLL 100,RISK,0.30634090909090905,MEDIUM,0.693659090909091,2.5545454545454547,4,0.81,1.0,4.0,2.5
CG68095,BFFF 200,RISK,0.2835909090909091,MEDIUM,0.7164090909090909,2.5545454545454547,2,0.87,1.0,1.7,2.5
CG68095,BPPP 100-4,RISK,0.36846590909090915,MEDIUM,0.6315340909090909,2.5545454545454547,3,0.85,1.0,0.85,2.5
SR68348,CSOO 100-5,RISK,0.3115,MEDIUM,0.6885,2.5,3,0.84,1.0,2.5,2.5
OW69667,CSXX 200,RISK,0.39,MEDIUM,0.61,2.5,4,0.65,1.0,2.5,2.5
GV08194,BFFF 200,RISK,0.26325,MEDIUM,0.73675,3.0,2,0.62,1.0,2.5,2.5
FB09581,CSXX 200,RISK,0.3375625,MEDIUM,0.6624375,3.075,4,0.76,1.0,2.5,2.5
CO96743,BTTT 100,RISK,0.26203124999999994,MEDIUM,0.7379687500000001,2.5875,2,0.8,1.0,2.5,2.5
CO96743,CSUU 100,RISK,0.28303124999999996,MEDIUM,0.71696875,2.5875,2,0.96,1.0,1.3,2.5
JB39329,CSDD 200-8,RISK,0.3375,MEDIUM,0.6625,2.5,4,1.0,1.0,2.5,2.5
JB39329,BEEE 100,RISK,0.3055,MEDIUM,0.6945,2.5,3,0.88,1.0,2.5,2.5
JB39329,CSVV 100,RISK,0.2825,MEDIUM,0.7175,2.5,2,0.7,1.0,2.5,2.5
DL41424,CSVV 200-6,RISK,0.2885,MEDIUM,0.7115,2.5,2,0.66,1.0,2.5,2.5
EH69389,CSOO 100,RISK,0.3262424242424242,MEDIUM,0.6737575757575758,3.1121212121212123,4,0.82,1.0,2.5,2.5
RJ27696,CSVV 100,RISK,0.1908333333333334,LOW,0.8091666666666666,3.6666666666666665,2,0.7,1.0,3.0,2.5
ZT64825,BMMM 300,RISK,0.2492053571428572,MEDIUM,0.7507946428571428,2.8607142857142853,3,0.98,1.0,3.0,2.5
ZT64825,BKKK 100-6,RISK,0.2579553571428572,MEDIUM,0.7420446428571428,2.8607142857142853,3,0.78,1.0,3.5666666666666664,2.5
ZT64825,CSGG 300,RISK,0.2689553571428571,MEDIUM,0.7310446428571429,2.8607142857142853,2,0.69,1.0,2.3,2.5
PI02213,BBBB 100,RISK,0.3295,MEDIUM,0.6705,2.5,3,0.72,1.0,2.5,2.5
QW60299,BOOO 200-1-7,RISK,0.29825,MEDIUM,0.70175,3.0,3,0.72,1.0,2.5,2.5
MX93733,BPPP 300,RISK,0.2702083333333333,MEDIUM,0.7297916666666667,2.8666666666666663,3,0.8,1.0,3.15,2.5
GM86272,CSGG 100,RISK,0.20575,MEDIUM,0.79425,4.0,3,0.92,1.0,2.5,2.5
GM86272,BDDD 100,RISK,0.23575000000000002,MEDIUM,0.76425,4.0,3,0.72,1.0,2.5,2.5
JB50022,BKKK 100,RISK,0.3311590909090909,MEDIUM,0.6688409090909091,3.1454545454545455,3,0.74,0.4,3.7,2.5
JB50022,BOOO 200,RISK,0.399676948051948,MEDIUM,0.600323051948052,3.1454545454545455,3,0.66,0.2857142857142857,2.65,2.5
UK11695,CSUU 100,RISK,0.2404196428571428,MEDIUM,0.7595803571428572,2.7892857142857146,2,0.86,1.0,2.5,2.5
UK11695,CSSS 100,RISK,0.4311696428571429,HIGH,0.5688303571428571,2.7892857142857146,4,0.88,1.0,0.0,2.5
UK11695,CSMM 100,RISK,0.30016964285714287,MEDIUM,0.6998303571428571,2.7892857142857146,3,0.92,1.0,2.0,2.5
MJ88940,BWWW 300-7,RISK,0.3315555555555555,MEDIUM,0.6684444444444445,2.8111111111111113,4,0.91,1.0,2.5,2.5
EZ53802,CSWW 300-1,RISK,0.2806590909090909,MEDIUM,0.7193409090909091,3.1454545454545455,4,0.91,1.0,3.3,2.5
EZ53802,CSWW 300-8,RISK,0.2284090909090909,MEDIUM,0.7715909090909091,3.1454545454545455,3,0.75,1.0,4.0,2.5
EZ53802,BOOO 200-1,RISK,0.344409090909091,MEDIUM,0.655590909090909,3.1454545454545455,4,0.71,1.0,2.5,2.35
EZ53802,BAAA 100,RISK,0.28915909090909087,MEDIUM,0.7108409090909091,3.1454545454545455,4,0.97,1.0,2.5,3.0
EZ53802,CSVV 100,RISK,0.2031590909090909,MEDIUM,0.7968409090909091,3.1454545454545455,2,0.74,1.0,3.38,2.5
LQ08456,BDDD 100,RISK,0.4497500000000001,HIGH,0.5502499999999999,3.0,3,0.71,0.0,2.5,2.5
NO81039,CSGG 100,RISK,0.19377083333333334,LOW,0.8062291666666667,3.2916666666666665,3,0.92,1.0,4.0,2.5
NO81039,CSVV 200-6,RISK,0.14189583333333333,LOW,0.8581041666666667,3.2916666666666665,2,0.97,1.0,3.85,2.5
NO81039,CSVV 200-5,RISK,0.23927083333333332,MEDIUM,0.7607291666666667,3.2916666666666665,4,0.95,1.0,4.0,2.5
UR90897,BTTT 100,RISK,0.25549999999999995,MEDIUM,0.7445,2.5,2,0.88,1.0,2.5,2.5
UR90897,BKKK 100,RISK,0.346,MEDIUM,0.654,2.5,3,0.61,1.0,2.5,2.5
QM86351,BAAA 100,RISK,0.3676785714285714,MEDIUM,0.6323214285714286,2.857142857142857,4,0.65,1.0,2.5,2.5
QM86351,CSHH 100,RISK,0.41867857142857146,HIGH,0.5813214285714285,2.857142857142857,4,0.61,1.0,1.3,2.5
QR36769,CSLL 200,RISK,0.363,MEDIUM,0.637,2.5,4,0.83,1.0,2.5,2.5
QR36769,CSMM 100,RISK,0.3115,MEDIUM,0.6885,2.5,3,0.84,1.0,2.5,2.5
QR36769,CSGG 100,RISK,0.2995,MEDIUM,0.7005,2.5,3,0.92,1.0,2.5,2.5
QR36769,BDDD 100,RISK,0.3295,MEDIUM,0.6705,2.5,3,0.72,1.0,2.5,2.5
KJ92097,BOOO 200,RISK,0.2682500000000001,MEDIUM,0.7317499999999999,3.1559999999999997,3,0.73,1.0,3.0,2.5
KJ92097,BDDD 200,RISK,0.34950000000000003,MEDIUM,0.6505,3.1559999999999997,5,0.98,1.0,2.5,2.5
IP47052,BBBB 100,RISK,0.2904375,MEDIUM,0.7095625,3.125,3,0.72,1.0,2.5,2.5
IP47052,BWWW 300,RISK,0.2534375,MEDIUM,0.7465625,3.125,4,1.0,1.0,3.7,2.5
IP47052,CSMM 100,RISK,0.2814375,MEDIUM,0.7185625,3.125,3,0.78,1.0,2.5,2.5
IP47052,BSSS 400-4,RISK,0.34043750000000006,MEDIUM,0.6595624999999999,3.125,4,0.72,1.0,2.5,2.5
IP47052,CSOO 100-5,RISK,0.2724375,MEDIUM,0.7275625,3.125,3,0.84,1.0,2.5,2.5
YZ13826,CSCC 100,RISK,0.3564687499999999,MEDIUM,0.6435312500000001,2.7125,4,0.66,1.0,3.0,2.5
YZ13826,CSXX 300,RISK,0.26246875000000003,MEDIUM,0.73753125,2.7125,2,0.62,1.0,3.0,2.5
MM28017,CSLL 200,RISK,0.31300000000000006,MEDIUM,0.6869999999999999,3.3,4,0.83,1.0,2.5,2.5
MM28017,CSXX 200,RISK,0.28374999999999995,MEDIUM,0.71625,3.3,4,0.65,1.0,4.0,2.5
MM28017,BKKK 100,RISK,0.21875,MEDIUM,0.78125,3.3,3,0.75,1.0,4.0,2.5
MM28017,CSUU 100,RISK,0.13724999999999998,LOW,0.86275,3.3,2,0.96,1.0,4.0,2.5
MM28017,CSMM 100,RISK,0.26149999999999995,MEDIUM,0.7385,3.3,3,0.84,1.0,2.5,2.5
GI86344,BDDD 100-7,RISK,0.21283333333333332,MEDIUM,0.7871666666666667,3.0666666666666664,2,0.87,1.0,2.5,2.85
GI86344,BEEE 100,RISK,0.21758333333333346,MEDIUM,0.7824166666666665,3.0666666666666664,3,0.88,1.0,3.0,3.85
KQ30860,CSOO 100,RISK,0.37220833333333336,MEDIUM,0.6277916666666666,2.6166666666666667,4,0.72,1.0,2.5,2.5
BM33136,BOOO 200,RISK,0.3309642857142857,MEDIUM,0.6690357142857143,2.4285714285714284,3,0.74,1.0,2.5,2.5
LH61642,BOOO 200-1-7,RISK,0.3275,MEDIUM,0.6725,3.0,3,0.65,1.0,2.0,2.5
LH61642,BDDD 100,RISK,0.30125,MEDIUM,0.69875,3.0,3,0.7,1.0,2.5,2.5
LH61642,CSWW 300-8,RISK,0.22324999999999995,MEDIUM,0.77675,3.0,3,0.92,1.0,3.7,2.5
LH61642,CSLL 200,RISK,0.31525000000000003,MEDIUM,0.68475,3.0,4,0.74,1.0,3.3,2.5
XK19911,CSLL 200,RISK,0.37650000000000006,MEDIUM,0.6234999999999999,2.5,4,0.74,1.0,2.5,2.5
UJ67890,BXXX 200,RISK,0.29747368421052633,MEDIUM,0.7025263157894737,2.8684210526315788,3,0.73,1.0,2.7,2.5
UJ67890,CSGG 300,RISK,0.2422236842105263,MEDIUM,0.7577763157894737,2.8684210526315788,2,0.69,1.0,3.0,2.5
VU02769,BOOO 200-1-7,RISK,0.28585416666666663,MEDIUM,0.7141458333333334,2.808333333333333,3,0.72,1.0,3.15,2.5
RB98650,BOOO 200-1-7,RISK,0.27384375000000005,MEDIUM,0.72615625,3.4625,3,0.69,1.0,2.5,2.5
RB98650,CSVV 200-5,RISK,0.27621874999999996,MEDIUM,0.72378125,3.4625,4,0.67,1.0,3.85,2.5
YP96863,BOOO 100,RISK,0.34650000000000003,MEDIUM,0.6535,2.5,4,0.94,1.0,2.5,2.5
YZ47797,BOOO 100,RISK,0.3113076923076923,MEDIUM,0.6886923076923077,2.523076923076923,4,0.79,1.0,4.0,2.5
YZ47797,CSEE 200,RISK,0.2973076923076923,MEDIUM,0.7026923076923077,2.523076923076923,3,0.8,1.0,3.0,2.5
YZ47797,CSGG 100,RISK,0.26430769230769235,MEDIUM,0.7356923076923076,2.523076923076923,3,0.77,1.0,4.0,2.5
YZ47797,CSCC 100,RISK,0.39455769230769233,MEDIUM,0.6054423076923077,2.523076923076923,4,0.61,1.0,2.5,2.5
SJ21340,CSOO 100-5,RISK,0.26287499999999997,MEDIUM,0.737125,2.91,3,0.61,1.0,3.7,3.0
TI84045,CSVV 200-5,RISK,0.2830357142857143,MEDIUM,0.7169642857142857,3.0714285714285716,4,0.95,1.0,3.2,2.5
TI84045,CSWW 300-8,RISK,0.24278571428571427,MEDIUM,0.7572142857142857,3.0714285714285716,3,0.86,1.0,3.3,2.5
TI84045,CSOO 100-5,RISK,0.2757857142857143,MEDIUM,0.7242142857142857,3.0714285714285716,3,0.84,1.0,2.5,2.5
SR65383,BEEE 100,RISK,0.23258333333333336,MEDIUM,0.7674166666666666,3.0666666666666664,3,0.88,1.0,3.5,2.5
OA77137,CSVV 200-5,RISK,0.3380416666666667,MEDIUM,0.6619583333333333,3.283333333333333,4,0.67,1.0,2.5,2.5
OA77137,CSOO 100,RISK,0.3155416666666667,MEDIUM,0.6844583333333333,3.283333333333333,4,0.82,1.0,2.5,2.5
OA77137,CSGG 100,RISK,0.29404166666666665,MEDIUM,0.7059583333333334,3.283333333333333,3,0.63,1.0,2.5,2.5
RO62994,CSLL 200,RISK,0.33424999999999994,MEDIUM,0.6657500000000001,2.8400000000000003,4,0.83,1.0,2.7,2.5
RO62994,CSUU 100,RISK,0.2297499999999999,MEDIUM,0.7702500000000001,2.8400000000000003,2,0.96,1.0,2.3,2.5
DP94286,BPPP 100-4,RISK,0.24831249999999994,MEDIUM,0.7516875000000001,3.175,3,0.98,1.0,2.5,2.5
DP94286,BTTT 100,RISK,0.22531250000000003,MEDIUM,0.7746875,3.175,2,0.8,1.0,2.5,2.5
QB76984,BOOO 200,RISK,0.31925000000000003,MEDIUM,0.68075,2.94,3,0.73,1.0,2.0,2.5
QB76984,CSMM 100,RISK,0.278,MEDIUM,0.722,2.94,3,0.88,1.0,2.5,2.5
BW63311,CSYY 300,RISK,0.2451875,MEDIUM,0.7548125,2.425,2,0.98,1.0,2.5,2.5
BW63311,BWWW 300-7,RISK,0.36168750000000005,MEDIUM,0.6383125,2.425,4,0.87,1.0,2.5,2.5
EI82612,CSXX 200,RISK,0.34781249999999997,MEDIUM,0.6521875,3.175,4,0.65,1.0,2.5,2.5
EI82612,CSLL 100,RISK,0.27956249999999994,MEDIUM,0.7204375000000001,3.175,4,0.98,1.0,3.0,2.5
EI82612,BPPP 100-4,RISK,0.24831249999999994,MEDIUM,0.7516875000000001,3.175,3,0.98,1.0,2.5,2.5
VY59115,BOOO 200,RISK,0.29500000000000004,MEDIUM,0.705,2.5,3,0.95,1.0,2.5,2.5
VY59115,BAAA 100,RISK,0.39,MEDIUM,0.61,2.5,4,0.65,1.0,2.5,2.5
VY59115,CSDD 200-8,RISK,0.3375,MEDIUM,0.6625,2.5,4,1.0,1.0,2.5,2.5
VY59115,CSOO 100-5,RISK,0.346,MEDIUM,0.654,2.5,3,0.61,1.0,2.5,2.5
KR08328,CSCC 100,RISK,0.2609999999999999,MEDIUM,0.7390000000000001,3.1,4,0.96,1.0,3.3,3.1
KR08328,CSMM 100,RISK,0.26650000000000007,MEDIUM,0.7334999999999999,3.1,3,0.84,1.0,2.5,2.8
PB53518,BDDD 100,RISK,0.28225,MEDIUM,0.71775,2.932,3,0.98,1.0,2.0,2.5
PB53518,CSUU 100,RISK,0.21599999999999997,MEDIUM,0.784,2.932,2,0.73,1.0,3.4333333333333336,2.5
YQ83754,BDDD 100,RISK,0.35124999999999995,MEDIUM,0.64875,2.2,3,0.7,1.0,2.5,2.5
YQ83754,BOOO 200,RISK,0.32800000000000007,MEDIUM,0.6719999999999999,2.2,3,0.73,1.0,3.0,2.5
MO73192,BDDD 100,RISK,0.28140624999999997,MEDIUM,0.71859375,2.8375000000000004,3,0.7,1.0,3.3,2.5
MO73192,CSXX 200,RISK,0.36140625000000004,MEDIUM,0.63859375,2.8375000000000004,4,0.7,1.0,2.5,2.5
QX01725,CSMM 100,RISK,0.269625,MEDIUM,0.730375,2.87,3,0.84,1.0,3.0,2.5
QX01725,BBBB 100,RISK,0.2523749999999999,MEDIUM,0.7476250000000001,2.87,3,0.78,1.0,3.7,2.5
QX01725,CSUU 100,RISK,0.20162499999999994,MEDIUM,0.7983750000000001,2.87,2,0.96,1.0,3.0,2.5
AT67514,BBBB 100,RISK,0.4148124999999999,HIGH,0.5851875000000001,3.175,3,0.67,0.0,2.5,3.7
AT67514,CSLL 200,RISK,0.5043125,HIGH,0.49568749999999995,3.175,4,0.74,0.0,2.5,1.7
TF89563,BOOO 200,RISK,0.32800000000000007,MEDIUM,0.6719999999999999,2.5,3,0.73,1.0,2.5,2.5
QS88892,BDDD 100-6,RISK,0.2925,MEDIUM,0.7075,2.9,3,0.8,1.0,2.5,2.5
QS88892,BKKK 100,RISK,0.3022499999999999,MEDIUM,0.6977500000000001,2.9,3,0.61,1.0,3.0,2.5
QS88892,CSOO 100,RISK,0.32899999999999996,MEDIUM,0.671,2.9,4,0.89,1.0,2.5,2.5
GZ96627,CSUU 100,RISK,0.24349999999999994,MEDIUM,0.7565000000000001,2.5,2,0.96,1.0,2.5,2.5
GZ96627,BPPP 100-4,RISK,0.2905,MEDIUM,0.7095,2.5,3,0.98,1.0,2.5,2.5
GZ96627,BEEE 100-7,RISK,0.19499999999999995,LOW,0.805,2.5,1,0.95,1.0,2.5,2.5
GZ96627,CSOO 100-5,RISK,0.346,MEDIUM,0.654,2.5,3,0.61,1.0,2.5,2.5
NS21836,BAAA 100,RISK,0.3520833333333333,MEDIUM,0.6479166666666667,2.8666666666666667,4,0.75,1.0,2.5,2.5
NS21836,BDDD 100,RISK,0.3095833333333333,MEDIUM,0.6904166666666667,2.8666666666666667,3,0.7,1.0,2.5,2.5
OI48144,CSUU 100,RISK,0.21671428571428575,MEDIUM,0.7832857142857143,2.628571428571429,2,0.96,1.0,2.0,4.0
RM83396,BOOO 200-1,RISK,0.3448157894736842,MEDIUM,0.6551842105263158,3.0789473684210527,4,0.71,1.0,2.5,2.5
LH04652,CSSS 100,RISK,0.34482291666666676,MEDIUM,0.6551770833333332,2.970833333333333,4,0.88,1.0,2.0,2.5
LH04652,CSUU 100,RISK,0.19157291666666665,LOW,0.8084270833333334,2.970833333333333,2,0.86,1.0,3.5,2.5
LH04652,CSOO 100,RISK,0.32944791666666673,MEDIUM,0.6705520833333333,2.970833333333333,4,0.82,1.0,2.65,2.5
JU71401,BTTT 100,RISK,0.2527499999999999,MEDIUM,0.7472500000000001,3.12,2,0.64,1.0,2.5,2.5
JU71401,CSCC 100,RISK,0.35875,MEDIUM,0.64125,3.12,4,0.6,1.0,2.5,2.5
JU71401,BEEE 100-7,RISK,0.1652499999999999,LOW,0.8347500000000001,3.12,1,0.94,1.0,2.3,2.5
JU71401,BEEE 100,RISK,0.23224999999999996,MEDIUM,0.76775,3.12,3,0.91,1.0,3.3,2.5
JD53696,CSHH 100,RISK,0.35183333333333333,MEDIUM,0.6481666666666667,2.9666666666666663,4,0.71,1.0,2.5,2.5
JD53696,BMMM 300,RISK,0.2778333333333334,MEDIUM,0.7221666666666666,2.9666666666666663,3,0.8700000000000001,1.0,2.5,2.5
JD53696,CSMM 100,RISK,0.29133333333333333,MEDIUM,0.7086666666666667,2.9666666666666663,3,0.78,1.0,2.5,2.5
CE80889,BWWW 300-7,RISK,0.30056250000000007,MEDIUM,0.6994374999999999,3.675,4,0.64,1.0,2.5,3.2
CE80889,CSOO 100,RISK,0.25856250000000003,MEDIUM,0.7414375,3.675,4,0.82,1.0,2.5,3.8000000000000003
CE80889,CSMM 100,RISK,0.21356249999999988,MEDIUM,0.7864375000000001,3.675,3,0.92,1.0,2.5,3.0
ZO49638,CSOO 100,RISK,0.3691875,MEDIUM,0.6308125,2.425,4,0.82,1.0,2.5,2.5
ZO49638,BPPP 100-4,RISK,0.29518749999999994,MEDIUM,0.7048125000000001,2.425,3,0.98,1.0,2.5,2.5
DP19750,BPPP 100-4,RISK,0.26576923076923076,MEDIUM,0.7342307692307692,2.907692307692308,3,0.85,1.0,3.0,2.5
UN18932,CSOO 100-5,RISK,0.3115,MEDIUM,0.6885,2.5,3,0.84,1.0,2.5,2.5
YO21244,CSOO 100-5,RISK,0.2969239130434782,MEDIUM,0.7030760869565218,3.1652173913043478,3,0.61,1.0,2.7,2.5
YO21244,CSXX 300,RISK,0.21692391304347824,MEDIUM,0.7830760869565218,3.1652173913043478,2,0.86,1.0,2.5,2.5
SF42986,CSDD 300,RISK,0.29312499999999997,MEDIUM,0.706875,3.25,3,0.65,1.0,2.5,2.5
NY18834,BTTT 100,RISK,0.23169230769230764,MEDIUM,0.7683076923076924,2.9769230769230766,2,0.64,1.0,3.3,2.5
NY18834,BWWW 300-7,RISK,0.3076923076923077,MEDIUM,0.6923076923076923,2.9769230769230766,4,1.0,1.0,2.5,2.5
NY18834,CSMM 100,RISK,0.23444230769230767,MEDIUM,0.7655576923076923,2.9769230769230766,3,0.78,1.0,4.0,2.5
FB28646,CSHH 100,RISK,0.45599999999999996,HIGH,0.544,1.3,4,0.71,1.0,2.5,2.5
LO25351,CSLL 200,RISK,0.33175,MEDIUM,0.66825,3.0,4,0.83,1.0,2.5,2.5
GW05948,CSYY 300,RISK,0.23547368421052628,MEDIUM,0.7645263157894737,2.8684210526315788,2,0.86,1.0,2.5,2.5
CG25297,CSMM 100,RISK,0.2995,MEDIUM,0.7005,2.5,3,0.92,1.0,2.5,2.5
CG25297,CSVV 100,RISK,0.27649999999999997,MEDIUM,0.7235,2.5,2,0.74,1.0,2.5,2.5
WU95413,CSVV 200-6,RISK,0.2968333333333333,MEDIUM,0.7031666666666667,2.3666666666666667,2,0.66,1.0,2.5,2.5
WU95413,BEEE 100,RISK,0.24708333333333332,MEDIUM,0.7529166666666667,2.3666666666666667,3,0.95,1.0,4.0,2.5
XI81651,BFFF 200,RISK,0.27875000000000005,MEDIUM,0.72125,2.7399999999999998,2,0.75,1.0,2.0,2.5
XI81651,CSLL 100,RISK,0.3945000000000001,MEDIUM,0.6054999999999999,2.7399999999999998,4,0.72,1.0,1.7,2.5
XI81651,BOOO 200-1-7,RISK,0.3062499999999999,MEDIUM,0.6937500000000001,2.7399999999999998,3,0.65,1.0,3.0,2.5
XI81651,BDDD 100,RISK,0.3175,MEDIUM,0.6825,2.7399999999999998,3,0.7,1.0,2.5,2.5
OW75229,CSCC 100,RISK,0.3435,MEDIUM,0.6565,2.5,4,0.96,1.0,2.5,2.5
OW75229,BFFF 200,RISK,0.27649999999999997,MEDIUM,0.7235,2.5,2,0.74,1.0,2.5,2.5
OW75229,BTTT 100,RISK,0.26749999999999996,MEDIUM,0.7325,2.5,2,0.8,1.0,2.5,2.5
OW75229,CSUU 100,RISK,0.24349999999999994,MEDIUM,0.7565000000000001,2.5,2,0.96,1.0,2.5,2.5
SH57852,BDDD 100,RISK,0.24671428571428577,MEDIUM,0.7532857142857142,3.5285714285714285,3,0.71,1.0,2.5,3.3
SH57852,CSXX 200,RISK,0.30121428571428566,MEDIUM,0.6987857142857143,3.5285714285714285,4,0.63,1.0,3.7,1.7999999999999998
PE33789,CSXX 200,RISK,0.35624999999999996,MEDIUM,0.64375,3.1599999999999997,4,0.65,1.0,2.3,2.5
OB53468,CSXX 200,RISK,0.4075,HIGH,0.5925,2.1,4,0.7,1.0,2.5,2.5
OB53468,CSLL 200,RISK,0.40149999999999997,HIGH,0.5985,2.1,4,0.74,1.0,2.5,2.5
RB19995,CSGG 100,RISK,0.22680263157894742,MEDIUM,0.7731973684210526,2.963157894736842,3,0.92,1.0,3.6666666666666665,2.5
RB19995,BWWW 300,RISK,0.2886776315789473,MEDIUM,0.7113223684210527,2.963157894736842,4,0.97,1.0,3.15,2.5
RB19995,CSOO 100,RISK,0.2905526315789473,MEDIUM,0.7094473684210527,2.963157894736842,4,0.82,1.0,3.7,2.5
RB19995,CSLL 100,RISK,0.2553026315789473,MEDIUM,0.7446973684210527,2.963157894736842,4,0.98,1.0,4.0,2.5
HI18274,BOOO 200-1-7,RISK,0.305875,MEDIUM,0.694125,3.04,3,0.69,1.0,2.35,2.5
HI18274,BDDD 100,RISK,0.241,MEDIUM,0.759,3.04,3,0.71,1.0,4.0,2.5
PI07965,CSVV 100,RISK,0.2110312499999999,MEDIUM,0.7889687500000001,3.1875,2,0.84,1.0,2.7000000000000006,2.5
PI07965,BWWW 300-7,RISK,0.26903124999999994,MEDIUM,0.7309687500000001,3.1875,4,0.87,1.0,3.7,2.5
QK02290,BDDD 100-7,RISK,0.31375,MEDIUM,0.68625,2.0,2,0.7,1.0,2.5,2.5
XG63956,BFFF 200,RISK,0.28437500000000004,MEDIUM,0.715625,2.35,2,0.75,1.0,2.5,2.5
NU86304,BBBB 100,RISK,0.33214062499999997,MEDIUM,0.667859375,2.79375,3,0.78,1.0,1.7,2.5
HN57642,CSVV 100,RISK,0.24216176470588235,MEDIUM,0.7578382352941176,2.6294117647058823,2,0.84,1.0,2.8,2.5
HN57642,CSOO 100,RISK,0.3384117647058824,MEDIUM,0.6615882352941176,2.6294117647058823,4,0.89,1.0,2.7,2.5
HN57642,BTTT 100,RISK,0.21991176470588236,MEDIUM,0.7800882352941176,2.6294117647058823,2,0.88,1.0,3.233333333333333,2.5
EV13512,CSLL 100,RISK,0.3405,MEDIUM,0.6595,2.5,4,0.98,1.0,2.5,2.5
EV13512,BEEE 100,RISK,0.3055,MEDIUM,0.6945,2.5,3,0.88,1.0,2.5,2.5
EV13512,CSHH 100,RISK,0.396,MEDIUM,0.604,2.5,4,0.61,1.0,2.5,2.5
EV13512,BTTT 100,RISK,0.26749999999999996,MEDIUM,0.7325,2.5,2,0.8,1.0,2.5,2.5
EV13512,BDDD 100-7,RISK,0.257,MEDIUM,0.743,2.5,2,0.87,1.0,2.5,2.5
OR15403,CSQQ 400,RISK,0.18460714285714286,LOW,0.8153928571428571,3.2742857142857145,2,0.78,1.0,3.5,2.5
OR15403,CSDD 300,RISK,0.2778571428571428,MEDIUM,0.7221428571428572,3.2742857142857145,3,0.65,1.0,2.8666666666666667,2.5
OR15403,BAAA 100,RISK,0.32660714285714276,MEDIUM,0.6733928571428572,3.2742857142857145,4,0.65,1.0,2.9,2.5
OR15403,CSVV 300,RISK,0.2897321428571429,MEDIUM,0.7102678571428571,3.2742857142857145,3,0.65,1.0,2.5500000000000003,2.5
AK49449,BDDD 100,RISK,0.2875312499999999,MEDIUM,0.7124687500000001,2.6375,3,0.98,1.0,2.35,2.5
CC42388,BEEE 100,RISK,0.29500000000000004,MEDIUM,0.705,2.5,3,0.95,1.0,2.5,2.5
JI42994,BOOO 200,RISK,0.29500000000000004,MEDIUM,0.705,2.5,3,0.95,1.0,2.5,2.5
JI42994,CSDD 200-8,RISK,0.3375,MEDIUM,0.6625,2.5,4,1.0,1.0,2.5,2.5
JI42994,CSGG 100,RISK,0.2995,MEDIUM,0.7005,2.5,3,0.92,1.0,2.5,2.5
JI42994,BKKK 100-6,RISK,0.3205,MEDIUM,0.6795,2.5,3,0.78,1.0,2.5,2.5
JI42994,CSCC 100,RISK,0.3435,MEDIUM,0.6565,2.5,4,0.96,1.0,2.5,2.5
JJ55462,CSOO 100-5,RISK,0.29505263157894734,MEDIUM,0.7049473684210527,2.763157894736842,3,0.84,1.0,2.5,2.5
JH15328,BDDD 200,RISK,0.4321515151515152,HIGH,0.5678484848484848,2.9909090909090907,5,0.72,0.7777777777777778,2.5,2.5
JH15328,BPPP 300,RISK,0.2763181818181818,MEDIUM,0.7236818181818182,2.9909090909090907,3,0.62,0.875,4.0,2.5
TN93692,BBBB 100,RISK,0.31300000000000006,MEDIUM,0.6869999999999999,2.5,3,0.83,1.0,2.5,2.5
TN93692,BEEE 100,RISK,0.29500000000000004,MEDIUM,0.705,2.5,3,0.95,1.0,2.5,2.5
TN93692,CSDD 200-8,RISK,0.36150000000000004,MEDIUM,0.6385,2.5,4,0.84,1.0,2.5,2.5
TN93692,CSVV 200-6,RISK,0.2885,MEDIUM,0.7115,2.5,2,0.66,1.0,2.5,2.5
BW01652,BXXX 200,RISK,0.30341666666666667,MEDIUM,0.6965833333333333,2.8333333333333335,3,0.63,1.0,3.0,2.5
BW01652,CSVV 100,RISK,0.21629166666666655,MEDIUM,0.7837083333333335,2.8333333333333335,2,0.84,1.0,3.15,2.5
BW01652,BDDD 200,RISK,0.3696666666666667,MEDIUM,0.6303333333333333,2.8333333333333335,5,0.98,1.0,2.5,2.5
NO43056,BEEE 100-7,RISK,0.0952777777777778,LOW,0.9047222222222222,2.9555555555555557,1,0.94,1.0,4.0,3.16
NO43056,CSLL 200,RISK,0.33252777777777776,MEDIUM,0.6674722222222222,2.9555555555555557,4,0.81,1.0,2.5,2.7
VR99953,CSOO 100,RISK,0.33840625,MEDIUM,0.66159375,3.0375,4,0.82,1.0,2.3,2.5
OY43189,CSHH 100,RISK,0.32952272727272724,MEDIUM,0.6704772727272728,2.963636363636364,4,0.61,1.0,3.5,2.5
GC26691,BDDD 100-7,RISK,0.27812499999999996,MEDIUM,0.721875,2.81,2,0.6,1.0,2.5,2.5
GC26691,CSXX 200,RISK,0.354125,MEDIUM,0.645875,2.81,4,0.76,1.0,2.5,2.5
EW60546,CSHH 100,RISK,0.39360416666666664,MEDIUM,0.6063958333333334,2.4583333333333335,4,0.71,1.0,2.2333333333333334,2.5
EW60546,CSUU 100,RISK,0.28622916666666665,MEDIUM,0.7137708333333334,2.4583333333333335,2,0.73,1.0,2.35,2.5
EW60546,CSDD 200-8,RISK,0.3416041666666666,MEDIUM,0.6583958333333334,2.4583333333333335,4,0.69,1.0,3.7,2.5
EW60546,BPPP 100-4,RISK,0.30510416666666673,MEDIUM,0.6948958333333333,2.4583333333333335,3,0.85,1.0,2.7,2.5
LB06281,CSCC 100,RISK,0.2861041666666667,MEDIUM,0.7138958333333333,2.7249999999999996,4,0.96,1.0,3.3,3.0333333333333337
EP82043,BFFF 200,RISK,0.23172222222222216,MEDIUM,0.7682777777777778,2.6944444444444446,2,0.87,1.0,2.85,2.5
EP82043,CSXX 200,RISK,0.36134722222222226,MEDIUM,0.6386527777777777,2.6944444444444446,4,0.76,1.0,2.5,2.5
EP82043,BOOO 100,RISK,0.35834722222222215,MEDIUM,0.6416527777777778,2.6944444444444446,4,0.83,1.0,2.3,2.5
EP82043,CSWW 300-8,RISK,0.32634722222222223,MEDIUM,0.6736527777777778,2.6944444444444446,3,0.86,1.0,1.7,2.5
LW43189,BUUU 200,RISK,0.25101562499999996,MEDIUM,0.748984375,3.14375,3,0.85,1.0,3.0,2.5
LW43189,CSTT 300,RISK,0.18676562499999994,LOW,0.8132343750000001,3.14375,2,0.77,1.0,3.7,2.5
LW43189,CSBB 300,RISK,0.2172656249999999,MEDIUM,0.7827343750000001,3.14375,3,1.0,1.0,3.3,2.5
CZ30173,CSXX 200,RISK,0.370375,MEDIUM,0.629625,2.5500000000000003,4,0.76,1.0,2.5,2.5
EP07909,BEEE 100-7,RISK,0.19499999999999995,LOW,0.805,2.5,1,0.95,1.0,2.5,2.5
PA17486,CSHH 100,RISK,0.41475000000000006,HIGH,0.5852499999999999,2.5,4,0.61,0.875,2.5,2.5
PA17486,BOOO 200-1,RISK,0.384,MEDIUM,0.616,2.5,4,0.69,1.0,2.5,2.5
PA17486,CSDD 200-8,RISK,0.35625000000000007,MEDIUM,0.6437499999999999,2.5,4,1.0,0.875,2.5,2.5
EO88283,CSDD 200-7,RISK,0.1941666666666666,LOW,0.8058333333333334,3.4333333333333336,2,0.9,1.0,2.5,2.5
EO88283,CSOO 100-5,RISK,0.2546666666666667,MEDIUM,0.7453333333333333,3.4333333333333336,3,0.83,1.0,2.5,2.5
HU57875,CSVV 200-5,RISK,0.34225000000000005,MEDIUM,0.65775,3.0,4,0.76,1.0,2.5,2.5
DW27167,CSUU 100,RISK,0.23971874999999998,MEDIUM,0.76028125,2.5125,2,0.73,1.0,3.5,2.5
DW27167,BOOO 200,RISK,0.35084375,MEDIUM,0.64915625,2.5125,3,0.66,1.0,2.15,2.5
FD39358,CSLL 200,RISK,0.3250909090909091,MEDIUM,0.6749090909090909,2.5545454545454547,4,0.81,1.0,3.5,2.5
FD39358,CSGG 100,RISK,0.3148409090909091,MEDIUM,0.6851590909090909,2.5545454545454547,3,0.92,1.0,2.0,2.5
FD39358,CSWW 300-8,RISK,0.31821590909090913,MEDIUM,0.6817840909090909,2.5545454545454547,3,0.86,1.0,2.15,2.5
JK40839,CSQQ 400,RISK,0.18214062499999994,LOW,0.817859375,3.09375,2,0.78,1.0,2.8666666666666667,4.0
PN47721,BDDD 100,RISK,0.2905,MEDIUM,0.7095,2.5,3,0.98,1.0,2.5,2.5
PN47721,BEEE 100-7,RISK,0.1965,LOW,0.8035,2.5,1,0.94,1.0,2.5,2.5
PN47721,CSVV 100,RISK,0.26,MEDIUM,0.74,2.5,2,0.85,1.0,2.5,2.5
DX28866,CSLL 200,RISK,0.35675,MEDIUM,0.64325,2.8400000000000003,4,0.73,1.0,2.5,2.5
DX28866,CSUU 100,RISK,0.21849999999999992,MEDIUM,0.7815000000000001,2.8400000000000003,2,0.86,1.0,3.0,2.5
BN29255,CSMM 100,RISK,0.3055,MEDIUM,0.6945,2.5,3,0.88,1.0,2.5,2.5
VN80893,BMMM 300,RISK,0.29574999999999996,MEDIUM,0.70425,2.68,3,0.8700000000000001,1.0,2.5,2.5
VN80893,BOOO 200-1-7,RISK,0.346375,MEDIUM,0.653625,2.68,3,0.72,1.0,1.75,2.5
VN80893,BBBB 100,RISK,0.293875,MEDIUM,0.706125,2.68,3,0.72,1.0,3.15,2.5
VN80893,CSZZ 400,RISK,0.30062500000000003,MEDIUM,0.699375,2.68,3,0.8,1.0,2.65,2.5
BI48977,BPPP 100-4,RISK,0.33999999999999997,MEDIUM,0.66,2.5,3,0.65,1.0,2.5,2.5
BI48977,BFFF 200,RISK,0.2945,MEDIUM,0.7055,2.5,2,0.62,1.0,2.5,2.5
BV39579,BTTT 100,RISK,0.13924999999999998,LOW,0.86075,3.46,2,0.88,1.0,4.0,2.5
BV39579,BDDD 100-7,RISK,0.22250000000000003,MEDIUM,0.7775,3.46,2,0.7,1.0,2.5,2.5
JQ42495,CSSS 200,RISK,0.31142187499999996,MEDIUM,0.688578125,2.48125,2,0.89,1.0,1.0,2.5
JQ42495,CSGG 100,RISK,0.2819218749999999,MEDIUM,0.7180781250000001,2.48125,3,0.92,1.0,3.0,2.5
YT76794,BDDD 100-7,RISK,0.2370833333333333,MEDIUM,0.7629166666666667,3.466666666666667,2,0.6,1.0,2.5,2.5
YT76794,CSVV 200-6,RISK,0.14970833333333333,LOW,0.8502916666666667,3.466666666666667,2,0.97,1.0,3.35,2.5
PE38077,CSXX 200,RISK,0.31656249999999997,MEDIUM,0.6834375,3.675,4,0.65,1.0,2.5,2.5
PE38077,BKKK 100,RISK,0.1953125,LOW,0.8046875,3.675,3,0.75,1.0,4.0,2.5
PE38077,BDDD 100,RISK,0.25606249999999997,MEDIUM,0.7439375,3.675,3,0.72,1.0,2.5,2.5
PE38077,BDDD 100-7,RISK,0.18356249999999996,LOW,0.8164375,3.675,2,0.87,1.0,2.5,2.5
PE38077,CSVV 200-6,RISK,0.12731249999999994,LOW,0.8726875000000001,3.675,2,0.87,1.0,4.0,2.5
OL13449,BOOO 100,RISK,0.32810416666666675,MEDIUM,0.6718958333333332,3.358333333333333,4,0.83,1.0,2.0,2.5
OL13449,CSHH 100,RISK,0.2711041666666667,MEDIUM,0.7288958333333333,3.358333333333333,4,0.71,1.0,4.0,2.5
OL13449,CSXX 200,RISK,0.3073541666666666,MEDIUM,0.6926458333333334,3.358333333333333,4,0.76,1.0,2.5,3.0
OL13449,BOOO 200-1-7,RISK,0.20710416666666664,MEDIUM,0.7928958333333334,3.358333333333333,3,0.72,1.0,4.0,3.0
MW53938,CSGG 100,RISK,0.34299999999999997,MEDIUM,0.657,2.5,3,0.63,1.0,2.5,2.5
MW53938,BEEE 100-7,RISK,0.21750000000000003,MEDIUM,0.7825,2.5,1,0.8,1.0,2.5,2.5
MW53938,BOOO 200,RISK,0.3265,MEDIUM,0.6735,2.5,3,0.74,1.0,2.5,2.5
MW53938,BDDD 100,RISK,0.33100000000000007,MEDIUM,0.6689999999999999,2.5,3,0.71,1.0,2.5,2.5
DS02714,CSSS 100,RISK,0.391,MEDIUM,0.609,2.46,4,0.66,1.0,2.5,2.5
DS02714,BAAA 100,RISK,0.39849999999999997,MEDIUM,0.6015,2.46,4,0.61,1.0,2.5,2.5
RB69718,CSVV 100,RISK,0.22531250000000003,MEDIUM,0.7746875,3.175,2,0.7,1.0,2.9,2.5
RB69718,BWWW 300,RISK,0.2548125,MEDIUM,0.7451875,3.175,4,0.97,1.0,3.7,2.5
SH05922,CSCC 100,RISK,0.33766666666666667,MEDIUM,0.6623333333333333,3.4333333333333336,4,0.61,1.0,2.5,2.5
QA44159,BDDD 100-7,RISK,0.23962499999999998,MEDIUM,0.760375,2.95,2,0.69,1.0,2.5,3.15
AZ95550,BOOO 200-1-7,RISK,0.22920833333333335,MEDIUM,0.7707916666666667,3.216666666666667,3,0.89,1.0,3.3,2.5
ZX74119,CSMM 100,RISK,0.24768750000000006,MEDIUM,0.7523124999999999,3.125,3,0.88,1.0,3.0,2.5
ZX74119,BKKK 100,RISK,0.27693749999999995,MEDIUM,0.7230625,3.125,3,0.61,1.0,3.3,2.5
YB12467,BFFF 200,RISK,0.24375000000000002,MEDIUM,0.75625,3.0,2,0.75,1.0,2.5,2.5
YB12467,CSGG 100,RISK,0.29075000000000006,MEDIUM,0.7092499999999999,3.0,3,0.77,1.0,2.5,2.5
QX56366,BOOO 200,RISK,0.3385,MEDIUM,0.6615,2.5,3,0.66,1.0,2.5,2.5
QX56366,BEEE 100,RISK,0.30100000000000005,MEDIUM,0.699,2.5,3,0.91,1.0,2.5,2.5
QX56366,BBBB 100,RISK,0.3295,MEDIUM,0.6705,2.5,3,0.72,1.0,2.5,2.5
QX56366,BDDD 100-6,RISK,0.32200000000000006,MEDIUM,0.6779999999999999,2.5,3,0.77,1.0,2.5,2.5
IG51072,BFFF 200,RISK,0.28600000000000003,MEDIUM,0.714,2.18,2,0.74,1.0,2.5,2.9199999999999995
CH96798,BAAA 100,RISK,0.30093749999999997,MEDIUM,0.6990625,3.925,4,0.65,1.0,2.5,2.5
CH96798,BDDD 100-6,RISK,0.19581249999999994,LOW,0.8041875,3.925,3,0.68,1.0,3.85,2.5
KE65767,CSUU 100,RISK,0.18558333333333332,LOW,0.8144166666666667,3.6666666666666665,2,0.86,1.0,2.5,2.5
QN65878,CSOO 100-5,RISK,0.42463461538461533,HIGH,0.5753653846153847,2.7538461538461543,3,0.98,0.0,2.5,2.5
QN65878,CSMM 100,RISK,0.4261346153846153,HIGH,0.5738653846153847,2.7538461538461543,3,0.92,0.0,2.7,2.5
HJ26191,CSVV 200-6,RISK,0.27776236263736254,MEDIUM,0.7222376373626375,3.1192307692307697,2,0.87,0.42857142857142855,3.1999999999999997,2.5
HJ26191,CSQQ 400,RISK,0.30229807692307686,MEDIUM,0.6977019230769231,3.1192307692307697,2,0.78,0.375,3.1199999999999997,2.5
EQ20552,BEEE 100-7,RISK,0.12835937499999994,LOW,0.8716406250000001,2.85625,1,0.95,1.0,3.3,3.075
EQ20552,BWWW 300-7,RISK,0.297484375,MEDIUM,0.702515625,2.85625,4,0.91,1.0,2.8,3.3
EQ20552,CSLL 200,RISK,0.33573437500000014,MEDIUM,0.6642656249999999,2.85625,4,0.83,1.0,2.3,3.0
EQ20552,CSVV 200,RISK,0.22548437499999996,MEDIUM,0.774515625,2.85625,2,0.99,1.0,2.5,2.15
AA20434,BWWW 300-7,RISK,0.28981250000000003,MEDIUM,0.7101875,3.575,4,0.87,1.0,2.5,2.5
TX63781,BPPP 100-4,RISK,0.33999999999999997,MEDIUM,0.66,2.5,3,0.65,1.0,2.5,2.5
PB00826,BOOO 200-1,RISK,0.3358749999999999,MEDIUM,0.6641250000000001,3.15,4,0.69,1.0,2.7,2.5
PB00826,CSOO 100-5,RISK,0.30537499999999995,MEDIUM,0.694625,3.15,3,0.61,1.0,2.5,2.5
IJ61029,CSVV 200,RISK,0.21325000000000005,MEDIUM,0.78675,3.1999999999999997,2,0.87,1.0,2.5,2.5
ZM78788,BEEE 100,RISK,0.30100000000000005,MEDIUM,0.699,2.5,3,0.91,1.0,2.5,2.5
ZM78788,CSVV 100,RISK,0.26,MEDIUM,0.74,2.5,2,0.85,1.0,2.5,2.5
SG43732,CSOO 100-5,RISK,0.31475,MEDIUM,0.68525,3.0,3,0.61,1.0,2.5,2.5
SG43732,CSLL 100,RISK,0.30925,MEDIUM,0.69075,3.0,4,0.98,1.0,2.5,2.5
SG43732,BOOO 200-1-7,RISK,0.27275000000000005,MEDIUM,0.72725,3.0,3,0.89,1.0,2.5,2.5
LL00603,BDDD 100-7,RISK,0.2335625,MEDIUM,0.7664375,2.875,2,0.87,1.0,2.5,2.5
LL00603,CSVV 200-6,RISK,0.24668750000000006,MEDIUM,0.7533124999999999,2.875,2,0.87,1.0,2.15,2.5
XF02424,CSDD 200-8,RISK,0.34875,MEDIUM,0.65125,2.3200000000000003,4,1.0,1.0,2.5,2.5
XF02424,BDDD 100-7,RISK,0.26825,MEDIUM,0.73175,2.3200000000000003,2,0.87,1.0,2.5,2.5
SI97003,BTTT 100,RISK,0.21175,MEDIUM,0.78825,3.1999999999999997,2,0.88,1.0,2.5,2.5
SI97003,CSOO 100,RISK,0.31025,MEDIUM,0.68975,3.1999999999999997,4,0.89,1.0,2.5,2.5
VA53013,CSCC 100,RISK,0.2604642857142857,MEDIUM,0.7395357142857143,3.2285714285714286,4,0.96,1.0,2.5,4.0
VA53013,BOOO 200,RISK,0.17946428571428563,LOW,0.8205357142857144,3.2285714285714286,3,0.95,1.0,3.7,3.5
VA53013,CSLL 100,RISK,0.2899642857142857,MEDIUM,0.7100357142857143,3.2285714285714286,4,0.98,1.0,2.5,2.7
IL09453,CSVV 100,RISK,0.2848345588235295,MEDIUM,0.7151654411764705,2.7176470588235295,2,0.7,1.0,2.075,2.5
IL09453,CSVV 200,RISK,0.22539705882352934,MEDIUM,0.7746029411764707,2.7176470588235295,2,0.99,1.0,2.5,2.5
ZY86464,CSLL 200,RISK,0.37650000000000006,MEDIUM,0.6234999999999999,2.5,4,0.74,1.0,2.5,2.5
ZY86464,CSOO 100,RISK,0.354,MEDIUM,0.646,2.5,4,0.89,1.0,2.5,2.5
FK91491,CSGG 100,RISK,0.237,MEDIUM,0.763,3.5,3,0.92,1.0,2.5,2.5
MU66491,BDDD 100-7,RISK,0.2078928571428571,MEDIUM,0.7921071428571429,3.2857142857142856,2,0.87,1.0,2.5,2.5
MU66491,BTTT 100,RISK,0.16214285714285714,LOW,0.8378571428571429,3.2857142857142856,2,0.8,1.0,4.0,2.5
MU66491,CSCC 100,RISK,0.2643928571428571,MEDIUM,0.7356071428571429,3.2857142857142856,4,0.96,1.0,3.3,2.5
MU66491,CSLL 200,RISK,0.2576428571428572,MEDIUM,0.7423571428571428,3.2857142857142856,4,0.83,1.0,4.0,2.5
MU66491,CSVV 100,RISK,0.18276785714285715,LOW,0.8172321428571429,3.2857142857142856,2,0.7,1.0,3.85,2.5
EU46794,BKKK 100-6,RISK,0.29799999999999993,MEDIUM,0.7020000000000001,2.8600000000000003,3,0.78,1.0,2.5,2.5
EU46794,CSLL 200,RISK,0.3480000000000001,MEDIUM,0.6519999999999999,2.8600000000000003,4,0.83,1.0,2.3,2.5
SG83698,BEEE 100,RISK,0.30100000000000005,MEDIUM,0.699,2.5,3,0.91,1.0,2.5,2.5
SG83698,CSHH 100,RISK,0.381,MEDIUM,0.619,2.5,4,0.71,1.0,2.5,2.5
QI98482,CSOO 100-5,RISK,0.25925,MEDIUM,0.74075,3.0,3,0.98,1.0,2.5,2.5
DS78809,CSVV 100,RISK,0.22868750000000004,MEDIUM,0.7713125,2.925,2,0.84,1.0,2.6666666666666665,2.5
DS78809,BDDD 100,RISK,0.3059375,MEDIUM,0.6940625,2.925,3,0.7,1.0,2.5,2.5
RQ06533,CSOO 100,RISK,0.3095,MEDIUM,0.6905,3.1399999999999997,4,0.72,1.0,2.5,3.7000000000000006
RQ06533,BDDD 100,RISK,0.25049999999999994,MEDIUM,0.7495,3.1399999999999997,3,0.98,1.0,2.5,2.5
RQ06533,CSLL 100,RISK,0.276,MEDIUM,0.724,3.1399999999999997,4,0.81,1.0,3.7,2.7
RQ06533,CSLL 200,RISK,0.30600000000000005,MEDIUM,0.694,3.1399999999999997,4,0.81,1.0,2.7,3.0
PN15247,BOOO 200-1,RISK,0.384,MEDIUM,0.616,2.5,4,0.69,1.0,2.5,2.5
PN15247,CSGG 100,RISK,0.2995,MEDIUM,0.7005,2.5,3,0.92,1.0,2.5,2.5
PN15247,BBBB 100,RISK,0.3205,MEDIUM,0.6795,2.5,3,0.78,1.0,2.5,2.5
HJ01440,BGGG 200,RISK,0.250029761904762,MEDIUM,0.749970238095238,3.0095238095238095,3,0.75,1.0,3.65,2.5
HJ01440,CSOO 100,RISK,0.34765476190476197,MEDIUM,0.652345238095238,3.0095238095238095,4,0.72,1.0,2.5,2.5
HJ01440,CSGG 100,RISK,0.2357797619047619,MEDIUM,0.7642202380952381,3.0095238095238095,3,0.92,1.0,3.35,2.5
HJ01440,BWWW 300-7,RISK,0.27940476190476193,MEDIUM,0.7205952380952381,3.0095238095238095,4,1.0,1.0,3.2,2.5
BX36606,CSCC 100,RISK,0.38849999999999996,MEDIUM,0.6115,2.5,4,0.66,1.0,2.5,2.5
BX36606,BBBB 100,RISK,0.31300000000000006,MEDIUM,0.6869999999999999,2.5,3,0.83,1.0,2.5,2.5
BX36606,CSVV 100,RISK,0.27649999999999997,MEDIUM,0.7235,2.5,2,0.74,1.0,2.5,2.5
PL26091,BKKK 100,RISK,0.31475,MEDIUM,0.68525,3.0,3,0.61,1.0,2.5,2.5
QV36123,BOOO 100,RISK,0.34275,MEDIUM,0.65725,2.9499999999999997,4,0.94,1.0,1.85,2.5
OI78453,BOOO 100,RISK,0.3158181818181818,MEDIUM,0.6841818181818182,2.9909090909090907,4,0.94,1.0,2.5,2.5
SE10353,BPPP 300,RISK,0.29133333333333344,MEDIUM,0.7086666666666666,2.966666666666667,3,0.71,1.0,2.78,2.5
SE10353,CSWW 300-8,RISK,0.2605833333333334,MEDIUM,0.7394166666666666,2.966666666666667,3,0.86,1.0,3.0,2.5
SL08783,BWWW 300-7,RISK,0.27387499999999987,MEDIUM,0.7261250000000001,3.3080000000000003,4,1.0,1.0,2.85,2.5
SL08783,CSUU 100,RISK,0.19000000000000006,LOW,0.8099999999999999,3.3080000000000003,2,0.73,1.0,3.5,2.5
FX10496,BTTT 100,RISK,0.25758928571428563,MEDIUM,0.7424107142857144,2.7785714285714285,2,0.8,1.0,2.3,2.5
RD63673,BTTT 400,RISK,0.34738636363636366,MEDIUM,0.6526136363636363,3.1818181818181817,4,0.65,1.0,2.5,2.5
RD63673,CSGG 100,RISK,0.21938636363636366,MEDIUM,0.7806136363636363,3.1818181818181817,3,0.92,1.0,2.5,4.0
RD63673,CSXX 200,RISK,0.29113636363636364,MEDIUM,0.7088636363636364,3.1818181818181817,4,0.65,1.0,3.0,4.0
RD63673,BDDD 100,RISK,0.24188636363636362,MEDIUM,0.7581136363636364,3.1818181818181817,3,0.72,1.0,3.7,2.5
CX78489,CSVV 100,RISK,0.2825,MEDIUM,0.7175,2.5,2,0.7,1.0,2.5,2.5
CX78489,BPPP 100-4,RISK,0.2905,MEDIUM,0.7095,2.5,3,0.98,1.0,2.5,2.5
CX78489,CSLL 100,RISK,0.3405,MEDIUM,0.6595,2.5,4,0.98,1.0,2.5,2.5
CX78489,BOOO 100,RISK,0.34650000000000003,MEDIUM,0.6535,2.5,4,0.94,1.0,2.5,2.5
DT26061,BTTT 100,RISK,0.2159375,MEDIUM,0.7840625,3.325,2,0.8,1.0,2.5,2.5
DT26061,CSXX 200,RISK,0.2821874999999999,MEDIUM,0.7178125000000001,3.325,4,0.65,1.0,4.0,2.5
VQ28724,CSHH 100,RISK,0.381,MEDIUM,0.619,2.5,4,0.71,1.0,2.5,2.5
VQ28724,BBBB 100,RISK,0.3295,MEDIUM,0.6705,2.5,3,0.72,1.0,2.5,2.5
VQ28724,BAAA 100,RISK,0.396,MEDIUM,0.604,2.5,4,0.61,1.0,2.5,2.5
GB64176,BDDD 100-7,RISK,0.257,MEDIUM,0.743,2.5,2,0.87,1.0,2.5,2.5
GB64176,CSOO 100,RISK,0.36450000000000005,MEDIUM,0.6355,2.5,4,0.82,1.0,2.5,2.5
GB64176,BEEE 100,RISK,0.3055,MEDIUM,0.6945,2.5,3,0.88,1.0,2.5,2.5
HD00935,CSLL 200,RISK,0.321125,MEDIUM,0.678875,2.83,4,0.83,1.0,2.5,3.35
HD00935,BPPP 100-4,RISK,0.22987500000000005,MEDIUM,0.770125,2.83,3,0.98,1.0,3.0,3.35
HD00935,BKKK 100,RISK,0.26875000000000004,MEDIUM,0.73125,2.83,3,0.75,1.0,2.65,3.7
BQ58840,BCCC 300,RISK,0.33490178571428575,MEDIUM,0.6650982142857143,2.6535714285714285,3,0.62,1.0,2.5,2.5
BQ58840,BBBB 100,RISK,0.30340178571428567,MEDIUM,0.6965982142857143,2.6535714285714285,3,0.78,1.0,2.7,2.5
BQ58840,CSVV 100,RISK,0.26040178571428574,MEDIUM,0.7395982142857143,2.6535714285714285,2,0.7,1.0,2.8333333333333335,2.5
BQ58840,CSDD 200-7,RISK,0.2530267857142857,MEDIUM,0.7469732142857143,2.6535714285714285,2,0.62,1.0,3.35,2.5
ZH53474,BDDD 100-6,RISK,0.3355,MEDIUM,0.6645,2.5,3,0.68,1.0,2.5,2.5
ZH53474,BOOO 200,RISK,0.29500000000000004,MEDIUM,0.705,2.5,3,0.95,1.0,2.5,2.5
ZH53474,BOOO 200-1-7,RISK,0.30400000000000005,MEDIUM,0.696,2.5,3,0.89,1.0,2.5,2.5
KA01669,CSMM 100,RISK,0.3132083333333334,MEDIUM,0.6867916666666666,2.9166666666666665,3,0.78,1.0,2.0,2.5
KA01669,CSVV 200-6,RISK,0.19720833333333343,LOW,0.8027916666666666,2.9166666666666665,2,0.97,1.0,3.0,2.5
ZQ78551,BAAA 100,RISK,0.396,MEDIUM,0.604,2.5,4,0.61,1.0,2.5,2.5
ZQ78551,CSMM 100,RISK,0.3205,MEDIUM,0.6795,2.5,3,0.78,1.0,2.5,2.5
YV74292,CSVV 200-6,RISK,0.1837045454545454,LOW,0.8162954545454546,3.272727272727273,2,0.87,1.0,3.5,2.0
YV74292,CSDD 200-8,RISK,0.2392045454545454,MEDIUM,0.7607954545454546,3.272727272727273,4,1.0,1.0,3.7,2.7
YV74292,CSQQ 400,RISK,0.17720454545454534,LOW,0.8227954545454547,3.272727272727273,2,0.78,1.0,3.7,2.5
YV74292,CSGG 300,RISK,0.23570454545454544,MEDIUM,0.7642954545454546,3.272727272727273,2,0.69,1.0,2.5,2.5
YV74292,CSOO 100-5,RISK,0.28020454545454543,MEDIUM,0.7197954545454546,3.272727272727273,3,0.61,1.0,2.5,3.2
MZ12172,BOOO 100,RISK,0.369,MEDIUM,0.631,2.5,4,0.79,1.0,2.5,2.5
PL19003,CSVV 100,RISK,0.2250000000000001,MEDIUM,0.7749999999999999,2.85,2,0.85,1.0,2.85,2.5
PL19003,BOOO 200-1-7,RISK,0.30762500000000004,MEDIUM,0.692375,2.85,3,0.72,1.0,2.5,2.5
PL19003,CSUU 100,RISK,0.2748750000000001,MEDIUM,0.7251249999999999,2.85,2,0.73,1.0,2.0,2.5
HD72955,CSZZ 400,RISK,0.25882142857142854,MEDIUM,0.7411785714285715,2.892857142857143,3,0.94,1.0,2.85,2.5
HD72955,CSSS 300,RISK,0.31569642857142854,MEDIUM,0.6843035714285715,2.892857142857143,4,0.99,1.0,2.466666666666667,2.5
HD72955,BDDD 100,RISK,0.32369642857142866,MEDIUM,0.6763035714285713,2.892857142857143,3,0.72,1.0,2.0,2.5
HD72955,BEEE 100,RISK,0.26219642857142866,MEDIUM,0.7378035714285713,2.892857142857143,3,0.88,1.0,3.0,2.5
HD72955,CSSS 100,RISK,0.3301964285714285,MEDIUM,0.6698035714285715,2.892857142857143,4,0.76,1.0,3.0,2.5
AK05749,CSDD 200-8,RISK,0.264,MEDIUM,0.736,3.7,4,0.69,1.0,3.7,2.5
AK05749,BOOO 200-1-7,RISK,0.25449999999999995,MEDIUM,0.7455,3.7,3,0.72,1.0,2.5,2.5
AK05749,CSOO 100,RISK,0.3045,MEDIUM,0.6955,3.7,4,0.72,1.0,2.5,2.5
AK05749,BEEE 100-7,RISK,0.12149999999999994,LOW,0.8785000000000001,3.7,1,0.94,1.0,2.5,2.5
VT13106,BOOO 100,RISK,0.30899999999999994,MEDIUM,0.6910000000000001,2.6599999999999997,4,0.79,1.0,3.3,3.3
VT13106,BFFF 200,RISK,0.21875,MEDIUM,0.78125,2.6599999999999997,2,0.75,1.0,3.3,3.15
VT13106,CSGG 100,RISK,0.29575000000000007,MEDIUM,0.7042499999999999,2.6599999999999997,3,0.77,1.0,2.8,2.7
GO91642,BEEE 100,RISK,0.2684545454545454,MEDIUM,0.7315454545454546,2.6727272727272724,3,0.88,0.8,4.0,2.5
HM81749,CSVV 200-5,RISK,0.3325,MEDIUM,0.6675,2.7,4,0.95,1.0,2.5,2.5
HM81749,BKKK 100-6,RISK,0.2975,MEDIUM,0.7025,2.7,3,0.85,1.0,2.5,2.5
MJ36928,BKKK 100,RISK,0.346,MEDIUM,0.654,2.5,3,0.61,1.0,2.5,2.5
MJ36928,BDDD 100-7,RISK,0.2825,MEDIUM,0.7175,2.5,2,0.7,1.0,2.5,2.5
FT56188,CSLL 100,RISK,0.3265357142857144,MEDIUM,0.6734642857142856,2.6714285714285713,4,0.81,1.0,2.5,3.65
FT56188,CSVV 200-6,RISK,0.19378571428571423,LOW,0.8062142857142858,2.6714285714285713,2,0.97,1.0,2.7,3.7
FT56188,BOOO 100,RISK,0.32353571428571426,MEDIUM,0.6764642857142857,2.6714285714285713,4,0.83,1.0,2.7,3.35
UV13344,CSVV 100,RISK,0.16618750000000004,LOW,0.8338125,3.575,2,0.74,1.0,3.65,2.5
UV13344,CSLL 200,RISK,0.31081250000000005,MEDIUM,0.6891875,3.575,4,0.73,1.0,2.5,2.5
UV13344,BEEE 100,RISK,0.17156249999999995,LOW,0.8284375,3.575,3,0.95,1.0,4.0,2.5
AW34708,CSUU 100,RISK,0.254,MEDIUM,0.746,2.5,2,0.89,1.0,2.5,2.5
JV04098,BDDD 100-7,RISK,0.2825,MEDIUM,0.7175,2.5,2,0.7,1.0,2.5,2.5
JV04098,CSOO 100-5,RISK,0.31300000000000006,MEDIUM,0.6869999999999999,2.5,3,0.83,1.0,2.5,2.5
JV04098,BOOO 200-1,RISK,0.39449999999999996,MEDIUM,0.6055,2.5,4,0.62,1.0,2.5,2.5
JV04098,BFFF 200,RISK,0.275,MEDIUM,0.725,2.5,2,0.75,1.0,2.5,2.5
JV04098,CSLL 200,RISK,0.37650000000000006,MEDIUM,0.6234999999999999,2.5,4,0.74,1.0,2.5,2.5
MJ43021,BOOO 100,RISK,0.29441666666666666,MEDIUM,0.7055833333333333,3.3333333333333335,4,0.94,1.0,2.5,2.5
MJ43021,BPPP 100-4,RISK,0.2384166666666666,MEDIUM,0.7615833333333334,3.3333333333333335,3,0.98,1.0,2.5,2.5
MJ43021,CSOO 100-5,RISK,0.2939166666666666,MEDIUM,0.7060833333333334,3.3333333333333335,3,0.61,1.0,2.5,2.5
NI51617,CSOO 100-5,RISK,0.25228571428571434,MEDIUM,0.7477142857142857,3.4714285714285715,3,0.83,1.0,2.5,2.5
XK72404,CSDD 300-2,RISK,0.5395714285714286,HIGH,0.4604285714285714,3.0428571428571423,5,0.71,0.1,2.3,2.5
XK72404,CSGG 300,RISK,0.38257142857142856,MEDIUM,0.6174285714285714,3.0428571428571423,2,0.64,0.16666666666666666,2.5,2.5
XK72404,CSMM 100,RISK,0.3646964285714286,MEDIUM,0.6353035714285714,3.0428571428571423,3,0.88,0.16666666666666666,3.35,2.5
XK72404,CSUU 100,RISK,0.28944642857142855,MEDIUM,0.7105535714285715,3.0428571428571423,2,0.89,0.2,3.85,2.5
XG96182,BTTT 100,RISK,0.19778846153846152,LOW,0.8022115384615385,2.715384615384615,2,0.8,1.0,4.0,2.5
XG96182,BMMM 300,RISK,0.22453846153846158,MEDIUM,0.7754615384615384,2.715384615384615,3,0.98,1.0,3.9,2.5
XG96182,CSWW 300-8,RISK,0.3452884615384616,MEDIUM,0.6547115384615384,2.715384615384615,3,0.9,1.0,1.0,2.5
UN55443,CSOO 100-5,RISK,0.346,MEDIUM,0.654,2.5,3,0.61,1.0,2.5,2.5
UN55443,BOOO 100,RISK,0.34650000000000003,MEDIUM,0.6535,2.5,4,0.94,1.0,2.5,2.5
UN55443,CSXX 200,RISK,0.39,MEDIUM,0.61,2.5,4,0.65,1.0,2.5,2.5
IN64054,BKKK 100-6,RISK,0.4675,HIGH,0.5325,2.5,3,0.8,0.0,2.5,2.5
IN64054,BDDD 100,RISK,0.4810000000000001,HIGH,0.5189999999999999,2.5,3,0.71,0.0,2.5,2.5
IN64054,BDDD 100-6,RISK,0.47350000000000003,HIGH,0.5265,2.5,3,0.76,0.0,2.5,2.5
QD38309,BCCC 300,RISK,0.2991339285714286,MEDIUM,0.7008660714285714,2.967857142857143,3,0.69,1.0,2.65,2.5
GK73584,CSVV 100,RISK,0.24958333333333338,MEDIUM,0.7504166666666666,2.6666666666666665,2,0.85,1.0,2.5,2.5
GK73584,CSMM 100,RISK,0.3100833333333334,MEDIUM,0.6899166666666666,2.6666666666666665,3,0.78,1.0,2.5,2.5
GK73584,BBBB 100,RISK,0.3190833333333334,MEDIUM,0.6809166666666666,2.6666666666666665,3,0.72,1.0,2.5,2.5
GK73584,CSOO 100,RISK,0.3690833333333333,MEDIUM,0.6309166666666667,2.6666666666666665,4,0.72,1.0,2.5,2.5
UD71823,BOOO 200,RISK,0.27964583333333337,MEDIUM,0.7203541666666666,3.141666666666667,3,0.66,1.0,3.0,2.5
UD71823,BKKK 100,RISK,0.2545208333333333,MEDIUM,0.7454791666666667,3.141666666666667,3,0.74,1.0,3.35,2.5
UD71823,BAAA 100,RISK,0.3558958333333333,MEDIUM,0.6441041666666667,3.141666666666667,4,0.61,1.0,2.5,2.5
UD71823,CSBB 300,RISK,0.20389583333333328,MEDIUM,0.7961041666666667,3.141666666666667,3,0.99,1.0,3.7,2.5
UD71823,CSGG 100,RISK,0.21439583333333323,MEDIUM,0.7856041666666668,3.141666666666667,3,0.92,1.0,3.7,2.5
QZ49384,CSXX 200,RISK,0.40460714285714294,HIGH,0.5953928571428571,3.0,4,0.63,0.7142857142857143,2.5,2.5
QZ49384,CSXX 400,RISK,0.2671071428571429,MEDIUM,0.7328928571428571,3.0,2,0.88,0.7142857142857143,2.5,2.5
QZ49384,CSLL 200,RISK,0.3896071428571428,MEDIUM,0.6103928571428572,3.0,4,0.73,0.7142857142857143,2.5,2.5
MR31478,CSLL 100,RISK,0.22049999999999992,MEDIUM,0.7795000000000001,3.7,4,0.98,1.0,3.7,2.5
MR31478,CSXX 200,RISK,0.31499999999999995,MEDIUM,0.685,3.7,4,0.65,1.0,2.5,2.5
XO95883,BOOO 200-1,RISK,0.3182499999999999,MEDIUM,0.6817500000000001,3.0,4,0.62,1.0,3.7,2.5
XO95883,BBBB 100,RISK,0.30574999999999997,MEDIUM,0.69425,3.0,3,0.67,1.0,2.5,2.5
QL69362,BDDD 100-7,RISK,0.21624999999999994,MEDIUM,0.7837500000000001,3.8000000000000003,2,0.6,1.0,2.5,2.5
QL69362,BOOO 200-1-7,RISK,0.24824999999999997,MEDIUM,0.75175,3.8000000000000003,3,0.72,1.0,2.5,2.5
PI65808,BOOO 200,RISK,0.3683409090909091,MEDIUM,0.6316590909090909,2.7545454545454544,3,0.73,1.0,1.0,2.5
PI65808,CSHH 100,RISK,0.3523409090909091,MEDIUM,0.6476590909090909,2.7545454545454544,4,0.92,1.0,2.0,2.5
PI65808,BEEE 100,RISK,0.32221590909090914,MEDIUM,0.6777840909090909,2.7545454545454544,3,0.7,1.0,2.35,2.5
PI65808,CSEE 200,RISK,0.2772159090909091,MEDIUM,0.7227840909090909,2.7545454545454544,3,0.8,1.0,3.15,2.5
PI65808,BAAA 100,RISK,0.3590909090909091,MEDIUM,0.6409090909090909,2.7545454545454544,4,0.75,1.0,2.5,2.5
LT70296,CSVV 100,RISK,0.10712499999999991,LOW,0.8928750000000001,3.8000000000000003,2,0.74,1.0,3.85,4.0
GR75445,CSLL 100,RISK,0.40918750000000004,HIGH,0.5908125,2.925,4,0.72,1.0,1.0,2.5
GR75445,CSUU 100,RISK,0.1756875,LOW,0.8243125,2.925,2,0.86,1.0,4.0,2.5
LU62415,BBBB 100,RISK,0.2505378787878788,MEDIUM,0.7494621212121212,3.139393939393939,3,0.78,1.0,3.3,2.5
LU62415,BOOO 100,RISK,0.31216287878787874,MEDIUM,0.6878371212121213,3.139393939393939,4,0.94,1.0,2.35,2.5
LU62415,CSZZ 400,RISK,0.21153787878787877,MEDIUM,0.7884621212121212,3.139393939393939,3,0.94,1.0,3.7,2.5
LU62415,BKKK 300,RISK,0.2730378787878788,MEDIUM,0.7269621212121212,3.139393939393939,3,0.63,1.0,3.3,2.5
XV90498,CSOO 100-5,RISK,0.2522045454545455,MEDIUM,0.7477954545454545,2.5727272727272723,3,0.83,1.0,4.0,2.5
XV90498,BPPP 300,RISK,0.3129545454545455,MEDIUM,0.6870454545454545,2.5727272727272723,3,0.8,1.0,2.5,2.5
AG66377,BOOO 200-1,RISK,0.34372222222222226,MEDIUM,0.6562777777777777,3.1444444444444444,4,0.69,1.0,2.5,2.5
AG66377,CSVV 100,RISK,0.22909722222222229,MEDIUM,0.7709027777777777,3.1444444444444444,2,0.7,1.0,2.85,2.5
AG66377,BWWW 300,RISK,0.3017222222222222,MEDIUM,0.6982777777777778,3.1444444444444444,4,0.97,1.0,2.5,2.5
BF06958,CSOO 100-5,RISK,0.346,MEDIUM,0.654,2.5,3,0.61,1.0,2.5,2.5
GL38366,BPPP 100-4,RISK,0.3335555555555556,MEDIUM,0.6664444444444444,2.711111111111111,3,0.98,1.0,1.0,2.5
TB21643,CSVV 200-5,RISK,0.392875,MEDIUM,0.607125,2.55,4,0.61,1.0,2.5,2.5
NU22558,CSJJ 300-8,RISK,0.28439423076923065,MEDIUM,0.7156057692307694,3.1076923076923078,3,0.68,1.0,2.85,2.5
NU22558,BAAA 100,RISK,0.3370192307692308,MEDIUM,0.6629807692307692,3.1076923076923078,4,0.75,1.0,2.5,2.5
TH65834,CSXX 200,RISK,0.4023749999999999,HIGH,0.5976250000000001,2.95,4,0.63,1.0,2.5,1.0
WJ97611,BZZZ 300,RISK,0.34566666666666657,MEDIUM,0.6543333333333334,2.9333333333333336,4,0.64,1.0,3.0,2.5
WJ97611,BTTT 300,RISK,0.3134166666666667,MEDIUM,0.6865833333333333,2.9333333333333336,4,0.98,1.0,2.5,2.5
OI21918,BOOO 100,RISK,0.39449999999999996,MEDIUM,0.6055,2.8960000000000004,4,0.83,1.0,1.0,2.5
CW44363,CSMM 100,RISK,0.221515625,MEDIUM,0.778484375,2.9437499999999996,3,0.88,1.0,4.0,2.5
CW44363,CSLL 200,RISK,0.3487656250000001,MEDIUM,0.6512343749999999,2.9437499999999996,4,0.74,1.0,2.5,2.5
UZ72226,BBBB 100,RISK,0.29981250000000004,MEDIUM,0.7001875,2.9749999999999996,3,0.72,1.0,2.5,2.5
QN27469,BKKK 100,RISK,0.3265,MEDIUM,0.6735,2.5,3,0.74,1.0,2.5,2.5
IJ64625,CSXX 200,RISK,0.35077272727272724,MEDIUM,0.6492272727272728,2.8636363636363638,4,0.76,1.0,2.5,2.5
IJ64625,BPPP 100-4,RISK,0.2797727272727273,MEDIUM,0.7202272727272727,2.8636363636363638,3,0.85,1.0,2.7,2.5
ET45318,CSWW 200,RISK,0.3137065217391304,MEDIUM,0.6862934782608696,2.808695652173913,4,0.83,1.0,3.3,2.5
ET45318,BWWW 300,RISK,0.3257065217391304,MEDIUM,0.6742934782608696,2.808695652173913,4,1.0,1.0,2.3,2.5
ET45318,BWWW 300-7,RISK,0.2882065217391304,MEDIUM,0.7117934782608696,2.808695652173913,4,1.0,1.0,3.3,2.5
ET45318,BOOO 100,RISK,0.2874565217391304,MEDIUM,0.7125434782608696,2.808695652173913,4,0.83,1.0,4.0,2.5
ET45318,BOOO 200-1,RISK,0.4464565217391304,HIGH,0.5535434782608696,2.808695652173913,4,0.77,1.0,0.0,2.5
PK96480,CSEE 200,RISK,0.21381944444444445,MEDIUM,0.7861805555555555,2.988888888888889,3,1.0,1.0,3.65,2.5
PK96480,CSBB 300,RISK,0.24381944444444437,MEDIUM,0.7561805555555556,2.988888888888889,3,1.0,1.0,2.85,2.5
PK96480,CSCC 100,RISK,0.3316944444444445,MEDIUM,0.6683055555555555,2.988888888888889,4,0.96,1.0,2.0,2.5
BM92247,CSGG 100,RISK,0.25028125,MEDIUM,0.74971875,3.2875,3,0.92,1.0,2.5,2.5
JD67197,CSUU 100,RISK,0.278,MEDIUM,0.722,2.5,2,0.73,1.0,2.5,2.5
JD67197,BFFF 200,RISK,0.257,MEDIUM,0.743,2.5,2,0.87,1.0,2.5,2.5
JD67197,CSVV 200-6,RISK,0.242,MEDIUM,0.758,2.5,2,0.97,1.0,2.5,2.5
JD67197,CSMM 100,RISK,0.3205,MEDIUM,0.6795,2.5,3,0.78,1.0,2.5,2.5
LF81006,BKKK 100,RISK,0.29825757575757583,MEDIUM,0.7017424242424242,2.6878787878787875,3,0.75,1.0,2.9,2.5
LF81006,BPPP 100-4,RISK,0.29000757575757574,MEDIUM,0.7099924242424243,2.6878787878787875,3,0.98,1.0,2.1999999999999997,2.5
SM05526,CSOO 100-5,RISK,0.27425,MEDIUM,0.72575,3.12,3,0.83,1.0,2.5,2.5
SM05526,BKKK 100-6,RISK,0.24949999999999994,MEDIUM,0.7505000000000001,3.12,3,0.82,1.0,3.1999999999999997,2.5
SM05526,CSVV 200-5,RISK,0.329125,MEDIUM,0.670875,3.12,4,0.76,1.0,2.65,2.5
SM05526,CSQQ 400,RISK,0.17774999999999996,LOW,0.82225,3.12,2,0.94,1.0,3.3,2.5
HM31749,BOOO 200-1-7,RISK,0.30400000000000005,MEDIUM,0.696,2.5,3,0.89,1.0,2.5,2.5
OE07498,BDDD 100-7,RISK,0.23191666666666666,MEDIUM,0.7680833333333333,3.333333333333334,2,0.69,1.0,2.5,2.5
ZR70228,CSLL 100,RISK,0.366,MEDIUM,0.634,2.5,4,0.81,1.0,2.5,2.5
ZR70228,CSCC 100,RISK,0.39749999999999996,MEDIUM,0.6025,2.5,4,0.6,1.0,2.5,2.5
CK01141,BOOO 100,RISK,0.32853125000000005,MEDIUM,0.67146875,2.7874999999999996,4,0.94,1.0,2.5,2.5
XF22811,CSZZ 400,RISK,0.2810937499999999,MEDIUM,0.7189062500000001,2.9625,3,0.8,1.0,2.7,2.5
VR23972,BFFF 200,RISK,0.2733749999999999,MEDIUM,0.7266250000000001,2.5500000000000003,2,0.74,1.0,2.5,2.5
VR23972,BOOO 200,RISK,0.29937499999999995,MEDIUM,0.700625,2.5500000000000003,3,0.95,1.0,2.3,2.5
IC02584,CSDD 200-8,RISK,0.384,MEDIUM,0.616,2.5,4,0.69,1.0,2.5,2.5
AR29152,CSVV 100,RISK,0.2366666666666667,MEDIUM,0.7633333333333333,2.783333333333333,2,0.85,1.0,2.65,2.5
AR29152,BKKK 100-6,RISK,0.2922916666666667,MEDIUM,0.7077083333333333,2.783333333333333,3,0.85,1.0,2.5,2.5
VV01183,CSHH 100,RISK,0.37992045454545453,MEDIUM,0.6200795454545455,3.027272727272727,4,0.71,1.0,1.65,2.5
VV01183,CSVV 200-6,RISK,0.17779545454545453,LOW,0.8222045454545455,3.027272727272727,2,0.97,1.0,3.3333333333333335,2.5
VV01183,CSOO 100-5,RISK,0.27854545454545454,MEDIUM,0.7214545454545455,3.027272727272727,3,0.84,1.0,2.5,2.5
VV01183,CSUU 100,RISK,0.21504545454545454,MEDIUM,0.7849545454545455,3.027272727272727,2,0.73,1.0,3.3,2.5
VV01183,CSMM 100,RISK,0.2425454545454545,MEDIUM,0.7574545454545455,3.027272727272727,3,0.78,1.0,3.7,2.5
YE17191,CSOO 100,RISK,0.35450000000000004,MEDIUM,0.6455,2.9000000000000004,4,0.72,1.0,2.5,2.5
SE99550,BAAA 100,RISK,0.396,MEDIUM,0.604,2.5,4,0.61,1.0,2.5,2.5
SE99550,CSGG 100,RISK,0.2995,MEDIUM,0.7005,2.5,3,0.92,1.0,2.5,2.5
SE99550,CSDD 200-8,RISK,0.384,MEDIUM,0.616,2.5,4,0.69,1.0,2.5,2.5
LH17447,CSLL 200,RISK,0.39389285714285716,MEDIUM,0.6061071428571428,3.0,4,0.83,0.2857142857142857,3.7,2.5
LH17447,CSOO 100-5,RISK,0.37475,MEDIUM,0.62525,3.0,3,0.61,0.4,3.3,2.5
LH17447,BEEE 100,RISK,0.32675,MEDIUM,0.67325,3.0,3,0.88,0.4,3.5,2.5
CO11948,CSVV 200-6,RISK,0.32860714285714276,MEDIUM,0.6713928571428572,2.5500000000000003,2,0.87,0.7142857142857143,1.65,2.5
CO11948,CSDD 200-7,RISK,0.29137499999999994,MEDIUM,0.7086250000000001,2.5500000000000003,2,0.62,1.0,2.5,2.5
CO11948,CSOO 100,RISK,0.3863749999999999,MEDIUM,0.6136250000000001,2.5500000000000003,4,0.82,0.8333333333333334,2.5,2.5
CO11948,BDDD 100,RISK,0.351375,MEDIUM,0.648625,2.5500000000000003,3,0.72,0.8333333333333334,2.5,2.5
AB52055,CSYY 300,RISK,0.21509722222222227,MEDIUM,0.7849027777777777,2.8944444444444444,2,0.86,1.0,3.0,2.5
AB52055,BEEE 100,RISK,0.22459722222222223,MEDIUM,0.7754027777777778,2.8944444444444444,3,0.88,1.0,4.0,2.5
AB52055,CSLL 200,RISK,0.3308472222222223,MEDIUM,0.6691527777777777,2.8944444444444444,4,0.83,1.0,2.7,2.5
KP54194,BDDD 100,RISK,0.3325,MEDIUM,0.6675,2.5,3,0.7,1.0,2.5,2.5
DZ54535,CSOO 100-5,RISK,0.25376190476190486,MEDIUM,0.7462380952380951,3.1238095238095234,3,0.84,1.0,2.0,4.0
DZ54535,CSTT 400,RISK,0.1981369047619047,LOW,0.8018630952380953,3.1238095238095234,2,0.84,1.0,3.15,2.5
DZ54535,CSXX 400,RISK,0.24351190476190476,MEDIUM,0.7564880952380952,3.1238095238095234,2,0.7,1.0,2.5,2.5
IO33098,BTTT 100,RISK,0.3290694444444444,MEDIUM,0.6709305555555556,2.738888888888889,2,0.64,1.0,1.0999999999999999,2.5
IO33098,CSVV 200-5,RISK,0.36006944444444444,MEDIUM,0.6399305555555556,2.738888888888889,4,0.95,1.0,1.7,2.5
IO33098,BOOO 200,RISK,0.26731944444444444,MEDIUM,0.7326805555555556,2.738888888888889,3,0.66,1.0,4.0,2.5
IO33098,CSZZ 400,RISK,0.33444444444444443,MEDIUM,0.6655555555555556,2.738888888888889,3,0.8,1.0,1.65,2.5
IO33098,BXXX 200,RISK,0.24406944444444445,MEDIUM,0.7559305555555556,2.738888888888889,3,0.94,1.0,3.5,2.5
HX73625,BWWW 300-7,RISK,0.26296875,MEDIUM,0.73703125,3.2125000000000004,4,1.0,1.0,3.3,2.5
HX73625,BDDD 100-7,RISK,0.25296874999999996,MEDIUM,0.74703125,3.2125000000000004,2,0.6,1.0,2.5,2.5
HX73625,BOOO 200,RISK,0.32396875,MEDIUM,0.67603125,3.2125000000000004,3,0.66,1.0,1.7,2.5
QQ82749,CSVV 100,RISK,0.2502500000000001,MEDIUM,0.7497499999999999,2.8,2,0.84,1.0,2.3,2.5
LJ96420,CSUU 100,RISK,0.250375,MEDIUM,0.749625,2.75,2,0.86,1.0,2.3,2.5
BK68935,CSOO 100-5,RISK,0.46599999999999997,HIGH,0.534,2.5,3,0.61,0.2,2.5,2.5
BK68935,BBBB 100,RISK,0.4455,HIGH,0.5545,2.5,3,0.78,0.16666666666666666,2.5,2.5
BK68935,BKKK 100-6,RISK,0.4455,HIGH,0.5545,2.5,3,0.78,0.16666666666666666,2.5,2.5
BJ13625,CSMM 100,RISK,0.26368749999999996,MEDIUM,0.7363125,2.875,3,0.84,1.0,3.15,2.5
SJ10755,BOOO 100,RISK,0.38487499999999997,MEDIUM,0.615125,2.15,4,0.83,1.0,2.5,2.5
SJ10755,BEEE 100,RISK,0.34162500000000007,MEDIUM,0.6583749999999999,2.15,3,0.91,1.0,2.0,2.5
SI69234,CSXX 200,RISK,0.39,MEDIUM,0.61,2.5,4,0.65,1.0,2.5,2.5
SI69234,BEEE 100-7,RISK,0.19499999999999995,LOW,0.805,2.5,1,0.95,1.0,2.5,2.5
SI69234,CSVV 100,RISK,0.2825,MEDIUM,0.7175,2.5,2,0.7,1.0,2.5,2.5
AE68854,BBBB 100,RISK,0.31300000000000006,MEDIUM,0.6869999999999999,2.5,3,0.83,1.0,2.5,2.5
AE68854,CSOO 100-5,RISK,0.2905,MEDIUM,0.7095,2.5,3,0.98,1.0,2.5,2.5
MV31622,CSUU 100,RISK,0.18531818181818172,LOW,0.8146818181818183,2.690909090909091,2,0.86,1.0,4.0,2.7
MV31622,BDDD 100-7,RISK,0.23456818181818184,MEDIUM,0.7654318181818182,2.690909090909091,2,0.69,1.0,2.5,4.0
ZA36835,CSOO 100,RISK,0.34533333333333327,MEDIUM,0.6546666666666667,2.686666666666667,4,0.82,1.0,2.7,2.5
NU09850,BEEE 100,RISK,0.2838125,MEDIUM,0.7161875,2.7750000000000004,3,0.91,1.0,2.5,2.5
NU09850,BDDD 100-7,RISK,0.28031249999999996,MEDIUM,0.7196875,2.7750000000000004,2,0.6,1.0,2.5,2.5
NU09850,CSUU 100,RISK,0.2608125,MEDIUM,0.7391875,2.7750000000000004,2,0.73,1.0,2.5,2.5
WL95272,CSVV 200-6,RISK,0.21324999999999994,MEDIUM,0.7867500000000001,2.9,2,0.87,1.0,3.0,2.5
JT05753,CSXX 200,RISK,0.393,MEDIUM,0.607,2.5,4,0.63,1.0,2.5,2.5
JT05753,BBBB 100,RISK,0.31300000000000006,MEDIUM,0.6869999999999999,2.5,3,0.83,1.0,2.5,2.5
JT05753,BOOO 200-1-7,RISK,0.3340000000000001,MEDIUM,0.6659999999999999,2.5,3,0.69,1.0,2.5,2.5
JT05753,BKKK 100,RISK,0.30700000000000005,MEDIUM,0.693,2.5,3,0.87,1.0,2.5,2.5
YM99154,BDDD 200,RISK,0.38722058823529415,MEDIUM,0.6127794117647059,3.176470588235294,5,0.72,1.0,2.5,2.5
YM99154,CSVV 200-6,RISK,0.21409558823529418,MEDIUM,0.7859044117647058,3.176470588235294,2,0.87,1.0,1.85,3.5
YM99154,BWWW 300,RISK,0.2647205882352941,MEDIUM,0.7352794117647059,3.176470588235294,4,0.97,1.0,3.3,2.7
KU91609,CSOO 100-5,RISK,0.346,MEDIUM,0.654,2.5,3,0.61,1.0,2.5,2.5
KU91609,CSDD 200-8,RISK,0.3375,MEDIUM,0.6625,2.5,4,1.0,1.0,2.5,2.5
CZ74253,BKKK 100,RISK,0.2720416666666666,MEDIUM,0.7279583333333334,2.783333333333333,3,0.61,1.0,4.0,2.5
CZ74253,BOOO 200-1-7,RISK,0.32229166666666664,MEDIUM,0.6777083333333334,2.783333333333333,3,0.65,1.0,2.5,2.5
CZ74253,BPPP 100-4,RISK,0.31629166666666675,MEDIUM,0.6837083333333333,2.783333333333333,3,0.99,1.0,1.3,2.5
LT85603,BUUU 200,RISK,0.28812499999999996,MEDIUM,0.711875,2.85,3,0.85,1.0,2.5,2.5
RD07730,CSDD 200-8,RISK,0.4777500000000001,HIGH,0.5222499999999999,3.3999999999999995,4,0.69,0.0,2.5,2.5
RD07730,CSMM 100,RISK,0.41425,HIGH,0.58575,3.3999999999999995,3,0.78,0.0,2.5,2.5
PK04124,CSLL 100,RISK,0.32825000000000004,MEDIUM,0.67175,3.0,4,0.72,1.0,2.5,3.3
PK04124,BEEE 100-7,RISK,0.1629166666666666,LOW,0.8370833333333334,3.0,1,0.8,1.0,2.5,3.4333333333333336
GG82607,CSUU 100,RISK,0.27175000000000005,MEDIUM,0.72825,2.9,2,0.73,1.0,2.0,2.5
GG82607,BEEE 100,RISK,0.246,MEDIUM,0.754,2.9,3,0.91,1.0,3.3,2.5
KS73999,CSXX 200,RISK,0.361796875,MEDIUM,0.638203125,2.83125,4,0.7,1.0,2.5,2.5
KS73999,BOOO 200-1-7,RISK,0.3192968749999999,MEDIUM,0.6807031250000001,2.83125,3,0.65,1.0,2.5,2.5
NQ74023,CSWW 300-1,RISK,0.33087500000000003,MEDIUM,0.669125,2.7319999999999998,4,0.91,1.0,2.65,2.5
NQ74023,BZZZ 300-2,RISK,0.359,MEDIUM,0.641,2.7319999999999998,4,0.76,1.0,2.5,2.5
CP47069,CSCC 100,RISK,0.3052647058823529,MEDIUM,0.6947352941176471,3.111764705882353,4,0.66,1.0,3.7,2.5
CP47069,CSDD 200-8,RISK,0.28013970588235293,MEDIUM,0.7198602941176471,3.111764705882353,4,0.84,1.0,3.65,2.5
CP47069,CSLL 200,RISK,0.3210147058823529,MEDIUM,0.6789852941176471,3.111764705882353,4,0.73,1.0,3.0,2.5
ZU97966,BDDD 100-7,RISK,0.23872656250000002,MEDIUM,0.7612734375,2.984375,2,0.69,1.0,3.4333333333333336,1.7
ZU97966,CSLL 100,RISK,0.3042265625,MEDIUM,0.6957734375,2.984375,4,0.72,1.0,3.7,2.5
VV87942,CSDD 200-8,RISK,0.34687499999999993,MEDIUM,0.6531250000000001,2.35,4,1.0,1.0,2.5,2.5
VV87942,CSLL 100,RISK,0.34987499999999994,MEDIUM,0.6501250000000001,2.35,4,0.98,1.0,2.5,2.5
OQ39530,CSLL 100,RISK,0.3466111111111112,MEDIUM,0.6533888888888888,2.522222222222222,4,0.98,1.0,2.3,2.5
OQ39530,CSLL 200,RISK,0.35411111111111104,MEDIUM,0.645888888888889,2.522222222222222,4,0.83,1.0,2.7,2.5
OQ39530,BWWW 300-7,RISK,0.34211111111111103,MEDIUM,0.657888888888889,2.522222222222222,4,0.91,1.0,2.7,2.5
DN17711,CSGG 100,RISK,0.2635624999999999,MEDIUM,0.7364375000000001,3.075,3,0.92,1.0,2.5,2.5
BM83763,BGGG 200,RISK,0.3577272727272728,MEDIUM,0.6422727272727272,2.936363636363636,3,0.65,1.0,1.3,2.5
BM83763,CSLL 200,RISK,0.3492272727272727,MEDIUM,0.6507727272727273,2.936363636363636,4,0.74,1.0,2.5,2.5
GH15861,BKKK 100,RISK,0.32500000000000007,MEDIUM,0.6749999999999999,2.5,3,0.75,1.0,2.5,2.5
GH15861,CSVV 200-6,RISK,0.27842857142857147,MEDIUM,0.7215714285714285,2.5,2,0.87,0.8571428571428571,2.5,2.5
DC71733,BEEE 100,RISK,0.22534374999999995,MEDIUM,0.77465625,3.3625,3,0.88,1.0,3.2,2.5
HK15642,BTTT 100,RISK,0.39375000000000004,MEDIUM,0.60625,3.0,2,0.75,0.0,2.5,2.5
HK15642,CSVV 200-6,RISK,0.412875,HIGH,0.587125,3.0,2,0.66,0.0,2.35,2.5
HK15642,BDDD 100-7,RISK,0.39525,MEDIUM,0.60475,3.0,2,0.69,0.0,2.7,2.5
HK15642,CSYY 300,RISK,0.35024999999999995,MEDIUM,0.64975,3.0,2,0.74,0.0,3.7,2.5
HK15642,CSVV 100,RISK,0.37275,MEDIUM,0.62725,3.0,2,0.74,0.0,3.1,2.5
MJ01882,CSLL 100,RISK,0.26164224137931025,MEDIUM,0.7383577586206898,2.9517241379310346,4,0.98,1.0,3.85,2.5
MJ01882,CSSS 300,RISK,0.3220172413793103,MEDIUM,0.6779827586206897,2.9517241379310346,4,0.99,1.0,2.2,2.5
MJ01882,BSSS 200,RISK,0.2910172413793103,MEDIUM,0.7089827586206897,2.9517241379310346,3,0.83,1.0,2.3333333333333335,2.5
RT50111,CSEE 200,RISK,0.2800625,MEDIUM,0.7199375,2.8950000000000005,3,0.81,1.0,2.8000000000000003,2.5
RT50111,BOOO 200-1-7,RISK,0.2804374999999999,MEDIUM,0.7195625000000001,2.8950000000000005,3,0.72,1.0,2.35,3.7
RT50111,BOOO 100,RISK,0.30081250000000004,MEDIUM,0.6991875,2.8950000000000005,4,0.83,1.0,3.5,2.5
MS16516,CSVV 200-5,RISK,0.323125,MEDIUM,0.676875,2.8499999999999996,4,0.95,1.0,2.5,2.5
MS16516,CSOO 100-5,RISK,0.289625,MEDIUM,0.710375,2.8499999999999996,3,0.84,1.0,2.5,2.5
RN35459,CSCC 100,RISK,0.244235294117647,MEDIUM,0.755764705882353,3.1882352941176473,4,0.96,1.0,4.0,2.5
RN35459,BEEE 300,RISK,0.24073529411764705,MEDIUM,0.759264705882353,3.1882352941176473,3,0.9,1.0,3.0,2.5
RN35459,CSLL 100,RISK,0.252485294117647,MEDIUM,0.747514705882353,3.1882352941176473,4,0.98,1.0,3.7,2.5
TZ66286,CSUU 100,RISK,0.13635714285714284,LOW,0.8636428571428572,3.314285714285714,2,0.96,1.0,4.0,2.5
TZ66286,CSMM 100,RISK,0.2306071428571428,MEDIUM,0.7693928571428572,3.314285714285714,3,0.84,1.0,3.3,2.5
IM35299,BWWW 200,RISK,0.2324166666666666,MEDIUM,0.7675833333333334,3.1333333333333333,2,0.67,1.0,2.9,2.5
IM35299,BDDD 100-7,RISK,0.20366666666666666,MEDIUM,0.7963333333333333,3.1333333333333333,2,0.87,1.0,2.8666666666666667,2.5
OD49029,BBBB 100,RISK,0.21575,MEDIUM,0.78425,3.1,3,0.72,1.0,4.0,3.3
VD21564,CSLL 100,RISK,0.38428896103896104,MEDIUM,0.615711038961039,2.809090909090909,4,0.72,0.7142857142857143,3.0,2.5
VD21564,BOOO 100,RISK,0.42693181818181825,HIGH,0.5730681818181818,2.809090909090909,4,0.6,0.625,2.7,2.5
VD21564,BPPP 100-4,RISK,0.3456818181818182,MEDIUM,0.6543181818181818,2.809090909090909,3,0.65,0.8333333333333334,2.5,2.5
TF50728,BPPP 100-4,RISK,0.25549999999999995,MEDIUM,0.7445,3.06,3,0.98,1.0,2.5,2.5
SI59269,BOOO 200,RISK,0.29500000000000004,MEDIUM,0.705,2.5,3,0.95,1.0,2.5,2.5
SI59269,BBBB 100,RISK,0.3205,MEDIUM,0.6795,2.5,3,0.78,1.0,2.5,2.5
SI59269,BDDD 100,RISK,0.3295,MEDIUM,0.6705,2.5,3,0.72,1.0,2.5,2.5
KL43217,CSMM 100,RISK,0.3115,MEDIUM,0.6885,2.5,3,0.84,1.0,2.5,2.5
KL43217,CSXX 200,RISK,0.39,MEDIUM,0.61,2.5,4,0.65,1.0,2.5,2.5
KL43217,CSVV 100,RISK,0.2825,MEDIUM,0.7175,2.5,2,0.7,1.0,2.5,2.5
BX47139,BOOO 200-1-7,RISK,0.2680625000000001,MEDIUM,0.7319374999999999,2.875,3,0.69,1.0,3.3,3.0
BX47139,BBBB 100,RISK,0.2520625000000001,MEDIUM,0.7479374999999999,2.875,3,0.83,1.0,2.5,4.0
BX47139,BDDD 100,RISK,0.30756250000000007,MEDIUM,0.6924374999999999,2.875,3,0.71,1.0,2.5,2.5
NA33764,CSOO 100,RISK,0.33533333333333337,MEDIUM,0.6646666666666666,2.9666666666666663,4,0.82,1.0,2.5,2.5
ZF08888,CSWW 300-8,RISK,0.298125,MEDIUM,0.701875,3.05,3,0.9,1.0,1.7,2.5
ZF08888,CSXX 200,RISK,0.31062499999999993,MEDIUM,0.6893750000000001,3.05,4,0.65,1.0,3.7,2.5
ZF08888,CSUU 100,RISK,0.19037499999999996,LOW,0.809625,3.05,2,0.96,1.0,3.0,2.5
ZF08888,CSDD 200,RISK,0.26425,MEDIUM,0.73575,3.05,2,0.68,1.0,2.15,2.5
XX11297,CSVV 200-6,RISK,0.2885,MEDIUM,0.7115,2.5,2,0.66,1.0,2.5,2.5
OU70898,BDDD 100,RISK,0.2613333333333333,MEDIUM,0.7386666666666667,2.9666666666666672,3,0.98,1.0,2.5,2.5
OU70898,CSOO 100-5,RISK,0.23920833333333336,MEDIUM,0.7607916666666666,2.9666666666666672,3,0.84,1.0,3.65,2.5
OU70898,BTTT 400,RISK,0.3158333333333332,MEDIUM,0.6841666666666668,2.9666666666666672,4,0.9,1.0,2.7,2.5
FZ87372,CSYY 300,RISK,0.20945238095238083,MEDIUM,0.7905476190476192,2.804761904761905,2,0.86,1.0,3.3,2.5
FZ87372,CSVV 100,RISK,0.22470238095238093,MEDIUM,0.7752976190476191,2.804761904761905,2,0.7,1.0,3.533333333333333,2.5
FZ87372,CSXX 300,RISK,0.19445238095238082,LOW,0.8055476190476192,2.804761904761905,2,0.86,1.0,3.7,2.5
NV87392,CSVV 100,RISK,0.19419117647058814,LOW,0.8058088235294119,3.2529411764705882,2,0.85,1.0,3.0,2.5
PW97155,CSSS 300,RISK,0.34691666666666665,MEDIUM,0.6530833333333333,2.6733333333333333,4,0.99,1.0,2.0,2.5
PW97155,BBBB 100,RISK,0.30966666666666665,MEDIUM,0.6903333333333334,2.6733333333333333,3,0.78,1.0,2.5,2.5
UD45584,BEEE 400,RISK,0.33252777777777787,MEDIUM,0.6674722222222221,2.9555555555555553,3,0.81,1.0,1.3,2.5
UD45584,CSMM 100,RISK,0.27702777777777776,MEDIUM,0.7229722222222222,2.9555555555555553,3,0.88,1.0,2.5,2.5
UD45584,BOOO 100,RISK,0.34052777777777776,MEDIUM,0.6594722222222222,2.9555555555555553,4,0.79,1.0,2.5,2.5
DJ03294,BDDD 100-7,RISK,0.19137500000000007,LOW,0.8086249999999999,3.3499999999999996,2,0.87,1.0,2.5,3.0
VX77803,CSHH 100,RISK,0.32724999999999993,MEDIUM,0.6727500000000001,2.88,4,0.61,1.0,3.7,2.5
VX77803,BMMM 300,RISK,0.26674999999999993,MEDIUM,0.7332500000000001,2.88,3,0.98,1.0,2.5,2.5
VX77803,CSUU 100,RISK,0.23850000000000005,MEDIUM,0.7615,2.88,2,0.96,1.0,2.0,2.5
JV86366,BTTT 100,RISK,0.26749999999999996,MEDIUM,0.7325,2.5,2,0.8,1.0,2.5,2.5
QQ00399,CSOO 100,RISK,0.3439642857142857,MEDIUM,0.6560357142857143,3.1285714285714286,4,0.82,1.0,2.0,2.5
QQ00399,CSTT 300,RISK,0.18208928571428573,LOW,0.8179107142857143,3.1285714285714286,2,0.77,1.0,3.85,2.5
QQ00399,BWWW 300-7,RISK,0.33046428571428577,MEDIUM,0.6695357142857142,3.1285714285714286,4,0.91,1.0,2.0,2.5
QQ00399,CSCC 100,RISK,0.27421428571428563,MEDIUM,0.7257857142857144,3.1285714285714286,4,0.96,1.0,3.3,2.5
QQ00399,CSVV 100,RISK,0.21196428571428572,MEDIUM,0.7880357142857143,3.1285714285714286,2,0.7,1.0,3.3333333333333335,2.5
JA03661,CSGG 100,RISK,0.22208928571428566,MEDIUM,0.7779107142857143,3.0785714285714283,3,0.92,1.0,3.7,2.35
JA03661,BDDD 100,RISK,0.2418392857142857,MEDIUM,0.7581607142857143,3.0785714285714283,3,0.98,1.0,2.5,3.0
NR26587,CSVV 100,RISK,0.26149999999999995,MEDIUM,0.7385,2.5,2,0.84,1.0,2.5,2.5
NR26587,BFFF 200,RISK,0.275,MEDIUM,0.725,2.5,2,0.75,1.0,2.5,2.5
QA17679,BDDD 100,RISK,0.2905,MEDIUM,0.7095,2.5,3,0.98,1.0,2.5,2.5
QA17679,BOOO 200,RISK,0.3385,MEDIUM,0.6615,2.5,3,0.66,1.0,2.5,2.5
DY40322,BSSS 400-4,RISK,0.3565277777777778,MEDIUM,0.6434722222222222,3.155555555555556,4,0.6,1.0,2.5,2.5
DY40322,CSDD 200-7,RISK,0.23477777777777775,MEDIUM,0.7652222222222222,3.155555555555556,2,0.62,1.0,3.0,2.5
DY40322,CSWW 300-8,RISK,0.2615277777777777,MEDIUM,0.7384722222222223,3.155555555555556,3,0.9,1.0,2.5,2.5
HP16567,BAAA 100,RISK,0.31074999999999997,MEDIUM,0.68925,3.0,4,0.97,1.0,2.5,2.5
HP16567,BTTT 100,RISK,0.24375000000000002,MEDIUM,0.75625,3.0,2,0.75,1.0,2.5,2.5
HP16567,CSCC 100,RISK,0.35724999999999996,MEDIUM,0.64275,3.0,4,0.66,1.0,2.5,2.5
HP16567,CSLL 100,RISK,0.3782500000000001,MEDIUM,0.6217499999999999,3.0,4,0.72,1.0,1.7,2.5
MM90599,CSDD 200-8,RISK,0.31462500000000004,MEDIUM,0.685375,2.6500000000000004,4,0.84,1.0,2.5,4.0
SO48713,BXXX 200,RISK,0.2324615384615385,MEDIUM,0.7675384615384615,3.0846153846153848,3,0.94,1.0,3.233333333333333,2.5
SO48713,BZZZ 300,RISK,0.3452115384615384,MEDIUM,0.6547884615384616,3.0846153846153848,4,0.63,1.0,2.8,2.5
SO48713,CSHH 100,RISK,0.33227403846153847,MEDIUM,0.6677259615384615,3.0846153846153848,4,0.71,1.0,2.825,2.5
SO48713,BAAA 100,RISK,0.36696153846153834,MEDIUM,0.6330384615384617,3.0846153846153848,4,0.61,1.0,2.3,2.5
OF13781,CSWW 300-8,RISK,0.2798076923076924,MEDIUM,0.7201923076923076,3.2230769230769223,3,0.75,1.0,2.5,2.5
OF13781,BSSS 200,RISK,0.1860576923076923,LOW,0.8139423076923077,3.2230769230769223,3,1.0,1.0,4.0,2.5
OF13781,BFFF 200,RISK,0.20618269230769237,MEDIUM,0.7938173076923076,3.2230769230769223,2,0.62,1.0,3.65,2.5
OF13781,BBBB 100,RISK,0.24905769230769237,MEDIUM,0.7509423076923076,3.2230769230769223,3,0.83,1.0,3.0,2.5
AR50116,CSVV 200-5,RISK,0.34225000000000005,MEDIUM,0.65775,3.0,4,0.76,1.0,2.5,2.5
AR50116,CSUU 100,RISK,0.16649999999999998,LOW,0.8335,3.0,2,0.89,1.0,4.0,2.5
LQ48753,CSGG 100,RISK,0.28869444444444436,MEDIUM,0.7113055555555556,2.888888888888889,3,0.63,1.0,3.3,2.5
LQ48753,CSUU 100,RISK,0.2266944444444443,MEDIUM,0.7733055555555557,2.888888888888889,2,0.86,1.0,2.7,2.5
LQ48753,BIII 300,RISK,0.32881944444444444,MEDIUM,0.6711805555555556,2.888888888888889,3,0.65,0.875,2.65,2.5
LQ48753,CSHH 100,RISK,0.35444444444444445,MEDIUM,0.6455555555555555,2.888888888888889,4,0.75,0.875,2.9,2.5
LQ48753,BUUU 200,RISK,0.25044444444444447,MEDIUM,0.7495555555555555,2.888888888888889,3,0.71,1.0,4.0,2.5
LX72453,BDDD 100,RISK,0.3479117647058825,MEDIUM,0.6520882352941175,2.5294117647058822,3,0.71,1.0,2.0,2.5
UC42680,CSDD 200,RISK,0.2483448275862069,MEDIUM,0.7516551724137931,2.9344827586206894,2,0.68,1.0,2.766666666666667,2.5
UC42680,CSHH 100,RISK,0.34559482758620685,MEDIUM,0.6544051724137931,2.9344827586206894,4,0.61,1.0,3.12,2.5
XD07531,CSVV 100,RISK,0.22775,MEDIUM,0.77225,3.1,2,0.74,1.0,2.8,2.5
FL07228,CSTT 300,RISK,0.22939814814814807,MEDIUM,0.7706018518518519,2.9296296296296296,2,0.65,1.0,2.8666666666666667,3.3
RE20106,CSLL 100,RISK,0.39575000000000005,MEDIUM,0.60425,2.54,4,0.72,1.0,2.0,2.5
RE20106,CSLL 200,RISK,0.37550000000000006,MEDIUM,0.6244999999999999,2.54,4,0.73,1.0,2.5,2.5
RE20106,CSVV 200,RISK,0.2905,MEDIUM,0.7095,2.54,2,0.63,1.0,2.5,2.5
ZE38012,BOOO 100,RISK,0.39749999999999996,MEDIUM,0.6025,2.5,4,0.6,1.0,2.5,2.5
ZE38012,CSVV 100,RISK,0.27649999999999997,MEDIUM,0.7235,2.5,2,0.74,1.0,2.5,2.5
ZE38012,CSLL 200,RISK,0.378,MEDIUM,0.622,2.5,4,0.73,1.0,2.5,2.5
ZE38012,BEEE 100,RISK,0.29500000000000004,MEDIUM,0.705,2.5,3,0.95,1.0,2.5,2.5
AY07432,BZZZ 300,RISK,0.36887500000000006,MEDIUM,0.6311249999999999,2.6519999999999997,4,0.64,1.0,2.85,2.5
AY07432,BWWW 300-7,RISK,0.3287500000000001,MEDIUM,0.6712499999999999,2.6519999999999997,4,0.87,1.0,3.0,2.5
AY07432,CSLL 100,RISK,0.31375,MEDIUM,0.68625,2.6519999999999997,4,0.72,1.0,4.0,2.5
BG43204,BWWW 300,RISK,0.3062499999999999,MEDIUM,0.6937500000000001,2.7,4,1.0,1.0,3.0,2.5
AL57800,BPPP 300,RISK,0.43500000000000005,HIGH,0.565,2.7320000000000007,3,0.62,0.125,3.2,2.5
AL57800,CSVV 200,RISK,0.3444999999999999,MEDIUM,0.6555000000000001,2.7320000000000007,2,0.99,0.2,2.5,2.5
AL57800,BDDD 200,RISK,0.5483333333333333,HIGH,0.4516666666666667,2.7320000000000007,5,0.72,0.1111111111111111,2.5,2.5
LO92468,BOOO 100,RISK,0.4590000000000001,HIGH,0.5409999999999999,2.5,4,0.94,0.25,2.5,2.5
LO92468,BDDD 100,RISK,0.4295,HIGH,0.5705,2.5,3,0.72,0.3333333333333333,2.5,2.5
LO92468,BPPP 100-4,RISK,0.39050000000000007,MEDIUM,0.6094999999999999,2.5,3,0.98,0.3333333333333333,2.5,2.5
LO92468,CSVV 100,RISK,0.38250000000000006,MEDIUM,0.6174999999999999,2.5,2,0.7,0.3333333333333333,2.5,2.5
TI77959,CSCC 100,RISK,0.36349999999999993,MEDIUM,0.6365000000000001,2.9,4,0.66,1.0,2.5,2.5
TI77959,CSLL 200,RISK,0.353,MEDIUM,0.647,2.9,4,0.73,1.0,2.5,2.5
TI77959,BDDD 100,RISK,0.3360000000000001,MEDIUM,0.6639999999999999,2.9,3,0.71,1.0,1.7,2.5
TI77959,BAAA 100,RISK,0.31699999999999995,MEDIUM,0.683,2.9,4,0.97,1.0,2.5,2.5
XQ04256,CSUU 100,RISK,0.16799999999999993,LOW,0.8320000000000001,3.3,2,0.73,1.0,3.3,3.7
XQ04256,CSHH 100,RISK,0.2997500000000002,MEDIUM,0.7002499999999998,3.3,4,0.71,1.0,3.0,3.0
XQ04256,CSWW 300-8,RISK,0.25849999999999995,MEDIUM,0.7415,3.3,3,0.86,1.0,2.5,2.5
BP16973,CSSS 100,RISK,0.3871458333333334,MEDIUM,0.6128541666666666,2.4916666666666667,4,0.76,1.0,2.15,2.5
XL21536,CSLL 200,RISK,0.37686538461538466,MEDIUM,0.6231346153846153,2.446153846153846,4,0.81,1.0,2.3,2.5
LA51155,BKKK 100,RISK,0.20156249999999998,MEDIUM,0.7984375,3.575,3,0.75,1.0,4.0,2.5
UQ75613,BOOO 200-1,RISK,0.3601249999999999,MEDIUM,0.6398750000000001,3.0500000000000003,4,0.62,1.0,2.5,2.5
UQ75613,BDDD 100,RISK,0.2925,MEDIUM,0.7075,3.0500000000000003,3,0.7,1.0,2.65,2.5
UQ75613,CSOO 100-5,RISK,0.278625,MEDIUM,0.721375,3.0500000000000003,3,0.83,1.0,2.5,2.5
UQ75613,CSZZ 400,RISK,0.2407083333333333,MEDIUM,0.7592916666666667,3.0500000000000003,3,0.93,0.7777777777777778,4.0,2.5
UW19217,BAAA 100,RISK,0.3073541666666666,MEDIUM,0.6926458333333334,3.458333333333334,4,0.61,1.0,2.7,3.35
UW19217,CSUU 100,RISK,0.21810416666666665,MEDIUM,0.7818958333333333,3.458333333333334,2,0.73,1.0,2.5,2.5
UW19217,BKKK 100,RISK,0.20910416666666665,MEDIUM,0.7908958333333334,3.458333333333334,3,0.74,1.0,3.7,3.0
UW19217,CSVV 200-6,RISK,0.11460416666666662,LOW,0.8853958333333334,3.458333333333334,2,0.97,1.0,3.3,4.0
IC64770,CSGG 100,RISK,0.26825,MEDIUM,0.73175,3.0,3,0.92,1.0,2.5,2.5
IC64770,CSLL 200,RISK,0.33175,MEDIUM,0.66825,3.0,4,0.83,1.0,2.5,2.5
IC64770,CSVV 200-6,RISK,0.22575,MEDIUM,0.77425,3.0,2,0.87,1.0,2.5,2.5
VZ44817,BFFF 200,RISK,0.21592857142857147,MEDIUM,0.7840714285714285,3.5,2,0.87,0.8571428571428571,2.5,2.5
VZ44817,CSUU 100,RISK,0.21550000000000002,MEDIUM,0.7845,3.5,2,0.73,1.0,2.5,2.5
VZ44817,CSOO 100,RISK,0.272,MEDIUM,0.728,3.5,4,0.72,1.0,3.7,2.5
SO32653,CSHH 100,RISK,0.294840909090909,MEDIUM,0.705159090909091,3.254545454545455,4,0.92,1.0,2.7,2.5
EN79233,BPPP 100-4,RISK,0.22499999999999998,MEDIUM,0.775,3.35,3,0.85,1.0,3.35,2.5
EN79233,CSXX 400,RISK,0.229375,MEDIUM,0.770625,3.35,2,0.7,1.0,2.5,2.5
EN79233,CSCC 100,RISK,0.30125,MEDIUM,0.69875,3.35,4,0.6,1.0,3.65,2.5
EN79233,CSDD 200-8,RISK,0.30462500000000003,MEDIUM,0.695375,3.35,4,0.69,1.0,3.2,2.5
GS67776,CSMM 100,RISK,0.271767857142857,MEDIUM,0.728232142857143,2.5357142857142856,3,0.84,1.0,2.7,3.7
GS67776,BSSS 200,RISK,0.2807678571428571,MEDIUM,0.7192321428571429,2.5357142857142856,3,0.83,1.0,3.3,2.5
BS35175,CSCC 100,RISK,0.396,MEDIUM,0.604,2.5,4,0.61,1.0,2.5,2.5
BS35175,CSOO 100-5,RISK,0.31300000000000006,MEDIUM,0.6869999999999999,2.5,3,0.83,1.0,2.5,2.5
XY08116,BKKK 100,RISK,0.3079687500000001,MEDIUM,0.6920312499999999,2.5625,3,0.75,1.0,2.85,2.5
MC01069,CSLL 200,RISK,0.3410833333333334,MEDIUM,0.6589166666666666,3.0666666666666664,4,0.74,1.0,2.5,2.5
MC01069,CSHH 100,RISK,0.2765833333333334,MEDIUM,0.7234166666666666,3.0666666666666664,4,0.92,1.0,3.5,2.5
GG69866,BOOO 200,RISK,0.3160833333333334,MEDIUM,0.6839166666666666,2.966666666666667,3,0.74,1.0,2.0,2.5
GG69866,CSTT 300,RISK,0.25520833333333326,MEDIUM,0.7447916666666667,2.966666666666667,2,0.65,1.0,2.65,2.5
GG69866,BKKK 100,RISK,0.28064583333333337,MEDIUM,0.7193541666666666,2.966666666666667,3,0.87,1.0,2.425,2.5
GG69866,BDDD 100-7,RISK,0.20983333333333332,MEDIUM,0.7901666666666667,2.966666666666667,2,0.69,1.0,3.7,2.5
AB61397,BBBB 100,RISK,0.24772222222222218,MEDIUM,0.7522777777777778,3.3444444444444446,3,0.83,1.0,2.5,3.0
AB61397,BPPP 100-4,RISK,0.2747222222222221,MEDIUM,0.7252777777777779,3.3444444444444446,3,0.65,1.0,2.5,3.0
AB61397,CSOO 100-5,RISK,0.22147222222222218,MEDIUM,0.7785277777777778,3.3444444444444446,3,0.98,1.0,2.5,3.15
AB61397,CSXX 300,RISK,0.18547222222222215,LOW,0.8145277777777779,3.3444444444444446,2,0.62,1.0,4.0,2.5
AB61397,CSMM 100,RISK,0.22797222222222224,MEDIUM,0.7720277777777778,3.3444444444444446,3,0.92,1.0,3.0,2.5
ZW08884,BOOO 200-1-7,RISK,0.30978125,MEDIUM,0.69021875,2.8875,3,0.69,1.0,2.5,2.5
DD05796,BOOO 100,RISK,0.34650000000000003,MEDIUM,0.6535,2.5,4,0.94,1.0,2.5,2.5
DD05796,BPPP 100-4,RISK,0.2905,MEDIUM,0.7095,2.5,3,0.98,1.0,2.5,2.5
DD05796,BAAA 100,RISK,0.39,MEDIUM,0.61,2.5,4,0.65,1.0,2.5,2.5
DD05796,CSLL 200,RISK,0.363,MEDIUM,0.637,2.5,4,0.83,1.0,2.5,2.5
DD05796,CSOO 100,RISK,0.36450000000000005,MEDIUM,0.6355,2.5,4,0.82,1.0,2.5,2.5
WP47510,BPPP 100-4,RISK,0.33999999999999997,MEDIUM,0.66,2.5,3,0.65,1.0,2.5,2.5
ZE73372,BOOO 200,RISK,0.29500000000000004,MEDIUM,0.705,2.5,3,0.95,1.0,2.5,2.5
ZE73372,CSCC 100,RISK,0.3435,MEDIUM,0.6565,2.5,4,0.96,1.0,2.5,2.5
MT29155,BEEE 100,RISK,0.2743269230769231,MEDIUM,0.7256730769230769,2.830769230769231,3,0.95,1.0,2.5,2.5
SH66276,BTTT 100,RISK,0.1479999999999999,LOW,0.8520000000000001,3.4999999999999996,2,0.88,1.0,3.7,2.5
SH66276,CSVV 200-6,RISK,0.1682499999999999,LOW,0.8317500000000001,3.4999999999999996,2,0.67,1.0,4.0,2.5
CC56461,CSVV 100,RISK,0.28312499999999996,MEDIUM,0.716875,2.4,2,0.7,1.0,2.65,2.5
CC56461,BPPP 100-4,RISK,0.29674999999999996,MEDIUM,0.70325,2.4,3,0.98,1.0,2.5,2.5
TE24567,BFFF 200,RISK,0.2945,MEDIUM,0.7055,2.5,2,0.62,1.0,2.5,2.5
TE24567,BTTT 100,RISK,0.275,MEDIUM,0.725,2.5,2,0.75,1.0,2.5,2.5
TE24567,CSVV 200-6,RISK,0.2885,MEDIUM,0.7115,2.5,2,0.66,1.0,2.5,2.5
TE24567,CSMM 100,RISK,0.2995,MEDIUM,0.7005,2.5,3,0.92,1.0,2.5,2.5
TE24567,BOOO 200,RISK,0.3265,MEDIUM,0.6735,2.5,3,0.74,1.0,2.5,2.5
QI59110,BPPP 100-4,RISK,0.21901785714285715,MEDIUM,0.7809821428571428,3.2357142857142853,3,0.85,1.0,3.7,2.5
HD80972,CSYY 300,RISK,0.3092142857142858,MEDIUM,0.6907857142857142,2.628571428571429,2,0.86,0.625,2.433333333333333,2.5
HD80972,CSDD 300-2,RISK,0.4934642857142857,HIGH,0.5065357142857143,2.628571428571429,5,0.74,0.5,2.5,2.5
JN89090,CSOO 100-5,RISK,0.3115,MEDIUM,0.6885,2.5,3,0.84,1.0,2.5,2.5
JN89090,CSCC 100,RISK,0.39749999999999996,MEDIUM,0.6025,2.5,4,0.6,1.0,2.5,2.5
DX77428,BAAA 100,RISK,0.3335,MEDIUM,0.6665,3.5,4,0.61,1.0,2.5,2.5
DX77428,BDDD 100-7,RISK,0.235,MEDIUM,0.765,3.5,2,0.6,1.0,2.5,2.5
SI76404,CSLL 200,RISK,0.33175,MEDIUM,0.66825,3.0,4,0.83,1.0,2.5,2.5
SI76404,BBBB 100,RISK,0.28925,MEDIUM,0.71075,3.0,3,0.78,1.0,2.5,2.5
TM02767,BEEE 100-7,RISK,0.2046874999999999,MEDIUM,0.7953125000000001,2.825,1,0.8,1.0,2.3,2.5
TM02767,CSDD 200-8,RISK,0.33968750000000003,MEDIUM,0.6603125,2.825,4,0.85,1.0,2.5,2.5
RA35570,CSVV 200-6,RISK,0.242,MEDIUM,0.758,2.5,2,0.97,1.0,2.5,2.5
RA35570,BDDD 100-6,RISK,0.32200000000000006,MEDIUM,0.6779999999999999,2.5,3,0.77,1.0,2.5,2.5
RA35570,BEEE 100,RISK,0.30100000000000005,MEDIUM,0.699,2.5,3,0.91,1.0,2.5,2.5
RA35570,CSUU 100,RISK,0.278,MEDIUM,0.722,2.5,2,0.73,1.0,2.5,2.5
RA35570,BDDD 100,RISK,0.2905,MEDIUM,0.7095,2.5,3,0.98,1.0,2.5,2.5
UQ16412,BDDD 100-7,RISK,0.2825,MEDIUM,0.7175,2.5,2,0.7,1.0,2.5,2.5
CG00630,BEEE 100-7,RISK,0.16399999999999992,LOW,0.8360000000000001,2.9,1,0.94,1.0,2.7,2.5
CG00630,CSLL 200,RISK,0.34099999999999997,MEDIUM,0.659,2.9,4,0.81,1.0,2.5,2.5
AV38083,BOOO 200-1-7,RISK,0.26212500000000005,MEDIUM,0.737875,3.65,3,0.69,1.0,2.5,2.5
TP48954,CSCC 100,RISK,0.256,MEDIUM,0.744,3.0,4,0.96,1.0,4.0,2.5
TP48954,CSLL 200,RISK,0.30174999999999996,MEDIUM,0.69825,3.0,4,0.83,1.0,3.3,2.5
AE07265,BOOO 200-1,RISK,0.381,MEDIUM,0.619,2.5,4,0.71,1.0,2.5,2.5
SB13795,BBBB 100,RISK,0.3027894736842105,MEDIUM,0.6972105263157895,3.047368421052631,3,0.67,1.0,2.5,2.5
SB13795,CSUU 100,RISK,0.2010394736842105,MEDIUM,0.7989605263157895,3.047368421052631,2,0.89,1.0,3.0,2.5
KH53546,CSUU 100,RISK,0.2511547619047618,MEDIUM,0.7488452380952382,2.8095238095238093,2,0.73,1.0,2.7,2.5
KH53546,BVVV 200,RISK,0.34065476190476196,MEDIUM,0.659345238095238,2.8095238095238093,4,0.85,1.0,2.5,2.5
HA42507,CSUU 100,RISK,0.24349999999999994,MEDIUM,0.7565000000000001,2.5,2,0.96,1.0,2.5,2.5
HA42507,BPPP 100-4,RISK,0.2905,MEDIUM,0.7095,2.5,3,0.98,1.0,2.5,2.5
HA42507,BOOO 100,RISK,0.34650000000000003,MEDIUM,0.6535,2.5,4,0.94,1.0,2.5,2.5
KI89942,CSSS 100,RISK,0.3624166666666666,MEDIUM,0.6375833333333334,2.8933333333333335,4,0.67,1.0,2.5,2.5
KI89942,CSDD 300-2,RISK,0.40641666666666665,HIGH,0.5935833333333334,2.8933333333333335,5,0.71,1.0,2.5,2.5
KI89942,CSXX 400,RISK,0.24816666666666665,MEDIUM,0.7518333333333334,2.8933333333333335,2,0.64,1.0,3.0,2.5
BO21555,BOOO 200-1,RISK,0.3355972222222222,MEDIUM,0.6644027777777778,2.7944444444444443,4,0.69,1.0,3.3,2.5
BO21555,BSSS 400-4,RISK,0.3790972222222222,MEDIUM,0.6209027777777778,2.7944444444444443,4,0.6,1.0,2.5,2.5
JO70813,CSGG 100,RISK,0.3092222222222223,MEDIUM,0.6907777777777777,2.6444444444444444,3,0.92,1.0,2.0,2.5
JO70813,BPPP 300,RISK,0.3219722222222222,MEDIUM,0.6780277777777778,2.6444444444444444,3,0.71,1.0,2.5,2.5
KV04245,CSBB 300,RISK,0.234375,MEDIUM,0.765625,3.1500000000000004,3,1.0,1.0,2.5,3.0
NG03808,BOOO 200-1,RISK,0.34858333333333336,MEDIUM,0.6514166666666666,3.0666666666666664,4,0.69,1.0,2.5,2.5
NG03808,CSLL 200,RISK,0.32758333333333334,MEDIUM,0.6724166666666667,3.0666666666666664,4,0.83,1.0,2.5,2.5
NG03808,BKKK 100,RISK,0.2333333333333334,MEDIUM,0.7666666666666666,3.0666666666666664,3,0.75,1.0,4.0,2.5
SW67044,CSHH 100,RISK,0.35928125,MEDIUM,0.64071875,3.0875,4,0.61,1.0,2.5,2.5
SW67044,BOOO 100,RISK,0.30978125,MEDIUM,0.69021875,3.0875,4,0.94,1.0,2.5,2.5
SW67044,BKKK 100-6,RISK,0.23878124999999994,MEDIUM,0.76121875,3.0875,3,0.78,1.0,3.7,2.5
SV27088,BDDD 100-7,RISK,0.2563557692307692,MEDIUM,0.7436442307692308,2.9423076923076925,2,0.69,1.0,2.5,2.5
VH70881,BFFF 200,RISK,0.2875096153846155,MEDIUM,0.7124903846153845,2.8538461538461535,2,0.74,1.0,1.3,2.9749999999999996
AC80631,CSJJ 300,RISK,0.2253235294117646,MEDIUM,0.7746764705882354,2.9588235294117644,2,0.94,1.0,2.3,2.5
AM23445,CSXX 300,RISK,0.17926086956521725,LOW,0.8207391304347827,3.047826086956522,2,0.86,1.0,3.7,2.5
AM23445,BOOO 200-1-7,RISK,0.25101086956521734,MEDIUM,0.7489891304347827,3.047826086956522,3,0.89,1.0,3.0,2.5
AM23445,BKKK 100,RISK,0.26638586956521737,MEDIUM,0.7336141304347826,3.047826086956522,3,0.75,1.0,3.15,2.5
AM23445,CSBB 300,RISK,0.2532608695652173,MEDIUM,0.7467391304347827,3.047826086956522,3,1.0,1.0,2.5,2.5
SY90566,BWWW 300,RISK,0.288875,MEDIUM,0.711125,3.05,4,0.97,1.0,3.0,2.5
SY90566,BPPP 100-4,RISK,0.25612499999999994,MEDIUM,0.7438750000000001,3.05,3,0.98,1.0,2.5,2.5
SY90566,BOOO 200,RISK,0.23687500000000006,MEDIUM,0.7631249999999999,3.05,3,0.95,1.0,3.0,2.7
GW02822,CSOO 100,RISK,0.26226785714285705,MEDIUM,0.737732142857143,3.235714285714286,4,0.82,1.0,4.0,2.5
JK25831,BDDD 100-7,RISK,0.22587499999999994,MEDIUM,0.7741250000000001,2.95,2,0.69,1.0,3.3,2.5
KQ05710,CSDD 200-8,RISK,0.28337499999999993,MEDIUM,0.7166250000000001,3.3000000000000003,4,0.69,1.0,3.85,2.5
KQ05710,CSMM 100,RISK,0.27049999999999996,MEDIUM,0.7295,3.3000000000000003,3,0.78,1.0,2.5,2.5
HV25022,BEEE 100,RISK,0.25516666666666676,MEDIUM,0.7448333333333332,2.9333333333333336,3,0.91,1.0,3.0,2.5
HV25022,CSUU 100,RISK,0.2509166666666667,MEDIUM,0.7490833333333333,2.9333333333333336,2,0.73,1.0,2.5,2.5
HV25022,BDDD 100,RISK,0.26341666666666663,MEDIUM,0.7365833333333334,2.9333333333333336,3,0.98,1.0,2.5,2.5
JD19488,BBBB 100,RISK,0.2879722222222223,MEDIUM,0.7120277777777777,3.3444444444444446,3,0.72,1.0,3.0,1.3
JD19488,BTTT 100,RISK,0.23622222222222222,MEDIUM,0.7637777777777778,3.3444444444444446,2,0.64,1.0,3.0,1.85
BL66072,CSDD 200-8,RISK,0.32276785714285705,MEDIUM,0.677232142857143,2.835714285714286,4,1.0,1.0,2.3333333333333335,2.5
QO91675,BOOO 200,RISK,0.3265,MEDIUM,0.6735,2.5,3,0.74,1.0,2.5,2.5
QO91675,CSCC 100,RISK,0.38849999999999996,MEDIUM,0.6115,2.5,4,0.66,1.0,2.5,2.5
QO91675,CSDD 200-8,RISK,0.36150000000000004,MEDIUM,0.6385,2.5,4,0.84,1.0,2.5,2.5
QO91675,CSUU 100,RISK,0.25849999999999995,MEDIUM,0.7415,2.5,2,0.86,1.0,2.5,2.5
PN72269,CSVV 100,RISK,0.27649999999999997,MEDIUM,0.7235,2.5,2,0.74,1.0,2.5,2.5
PN72269,CSDD 200-8,RISK,0.36150000000000004,MEDIUM,0.6385,2.5,4,0.84,1.0,2.5,2.5
PN72269,CSUU 100,RISK,0.25849999999999995,MEDIUM,0.7415,2.5,2,0.86,1.0,2.5,2.5
XU03007,CSOO 100-5,RISK,0.346,MEDIUM,0.654,2.5,3,0.61,1.0,2.5,2.5
XU03007,CSOO 100,RISK,0.36450000000000005,MEDIUM,0.6355,2.5,4,0.82,1.0,2.5,2.5
XU03007,CSXX 200,RISK,0.39,MEDIUM,0.61,2.5,4,0.65,1.0,2.5,2.5
QR66526,BCCC 300,RISK,0.21175,MEDIUM,0.78825,3.2560000000000002,3,0.94,1.0,3.5,2.5
QR66526,CSCC 100,RISK,0.2639999999999999,MEDIUM,0.7360000000000001,3.2560000000000002,4,0.6,1.0,4.0,3.7
QR66526,BOOO 200-1-7,RISK,0.251,MEDIUM,0.749,3.2560000000000002,3,0.72,1.0,3.3333333333333335,2.5
QR66526,CSGG 300,RISK,0.17149999999999999,LOW,0.8285,3.2560000000000002,2,1.0,1.0,3.0,2.5
QR66526,CSLL 200,RISK,0.25750000000000006,MEDIUM,0.7424999999999999,3.2560000000000002,4,0.81,1.0,3.8000000000000003,3.0
SO43400,BPPP 300,RISK,0.3011666666666666,MEDIUM,0.6988333333333334,2.9833333333333334,3,0.62,1.0,2.85,2.5
SO43400,CSWW 300-1,RISK,0.34516666666666673,MEDIUM,0.6548333333333333,2.9833333333333334,4,0.91,1.0,1.85,2.5
WR86550,BBBB 100,RISK,0.32675,MEDIUM,0.67325,2.4,3,0.78,1.0,2.5,2.5
XN88522,CSVV 200-5,RISK,0.3226041666666666,MEDIUM,0.6773958333333334,2.858333333333334,4,0.95,1.0,2.5,2.5
CP51111,CSDD 200-8,RISK,0.29937499999999995,MEDIUM,0.700625,2.7199999999999998,4,1.0,1.0,3.15,2.5
CP51111,CSVV 100,RISK,0.24775000000000003,MEDIUM,0.75225,2.7199999999999998,2,0.7,1.0,3.06,2.5
EX11754,CSVV 100,RISK,0.21065972222222218,MEDIUM,0.7893402777777778,2.7944444444444443,2,0.85,1.0,3.325,2.5
EX11754,CSOO 100-5,RISK,0.26122222222222224,MEDIUM,0.7387777777777778,2.7944444444444443,3,0.84,1.0,3.35,2.5
EX11754,BBBB 100,RISK,0.2810972222222222,MEDIUM,0.7189027777777778,2.7944444444444443,3,0.72,1.0,3.3,2.5
GH35623,CSXX 200,RISK,0.38250000000000006,MEDIUM,0.6174999999999999,2.5,4,0.7,1.0,2.5,2.5
GO44227,BDDD 200,RISK,0.36650000000000005,MEDIUM,0.6335,2.9799999999999995,5,0.69,1.0,2.5,4.0
GO44227,CSXX 200,RISK,0.39549999999999996,MEDIUM,0.6045,2.9799999999999995,4,0.63,1.0,1.3,3.0
JS72025,BPPP 100-4,RISK,0.2708571428571428,MEDIUM,0.7291428571428572,2.814285714285714,3,0.98,1.0,2.5,2.5
JS72025,CSLL 200,RISK,0.33585714285714285,MEDIUM,0.6641428571428571,2.814285714285714,4,0.83,1.0,2.7,2.5
JS72025,CSXX 200,RISK,0.37035714285714283,MEDIUM,0.6296428571428572,2.814285714285714,4,0.65,1.0,2.5,2.5
JS72025,BKKK 100,RISK,0.28660714285714284,MEDIUM,0.7133928571428572,2.814285714285714,3,0.75,1.0,3.0,2.5
PK66458,BDDD 100-7,RISK,0.20176562499999995,MEDIUM,0.798234375,2.99375,2,0.87,1.0,3.15,2.5
IC91736,CSMM 100,RISK,0.29165384615384615,MEDIUM,0.7083461538461538,2.961538461538462,3,0.78,1.0,2.5,2.5
IC91736,BOOO 200,RISK,0.290903846153846,MEDIUM,0.709096153846154,2.961538461538462,3,0.66,1.0,3.0,2.5
IC91736,CSLL 100,RISK,0.3446538461538462,MEDIUM,0.6553461538461538,2.961538461538462,4,0.81,1.0,2.3,2.5
IC91736,BEEE 100,RISK,0.25340384615384615,MEDIUM,0.7465961538461539,2.961538461538462,3,0.91,1.0,3.0,2.5
ZA48927,CSEE 200,RISK,0.2831071428571429,MEDIUM,0.7168928571428571,3.0142857142857147,3,0.94,1.0,2.0,2.5
ZA48927,BOOO 200-1,RISK,0.34885714285714287,MEDIUM,0.6511428571428571,3.0142857142857147,4,0.71,1.0,2.5,2.5
ZA48927,BAAA 100,RISK,0.30985714285714283,MEDIUM,0.6901428571428572,3.0142857142857147,4,0.97,1.0,2.5,2.5
NU44933,BWWW 200,RISK,0.18207291666666658,LOW,0.8179270833333334,3.2708333333333335,2,0.89,1.0,3.1333333333333333,2.5
NU44933,CSGG 100,RISK,0.2263229166666666,MEDIUM,0.7736770833333334,3.2708333333333335,3,0.92,1.0,3.3,2.3
PI62046,CSOO 100-5,RISK,0.25925,MEDIUM,0.74075,3.0,3,0.98,1.0,2.5,2.5
PI62046,BEEE 100-7,RISK,0.16749999999999998,LOW,0.8325,3.0,1,0.8,1.0,3.0,2.5
ES11785,BAAA 100,RISK,0.35975,MEDIUM,0.64025,3.0799999999999996,4,0.61,1.0,2.5,2.5
VQ54716,CSOO 100-5,RISK,0.23662499999999997,MEDIUM,0.763375,3.3499999999999996,3,0.61,1.0,4.0,2.5
VQ54716,BDDD 100,RISK,0.27637500000000004,MEDIUM,0.723625,3.3499999999999996,3,0.72,1.0,2.5,2.5
VQ54716,BOOO 200-1,RISK,0.274625,MEDIUM,0.725375,3.3499999999999996,4,0.69,1.0,4.0,2.5
FM59787,CSOO 100,RISK,0.36450000000000005,MEDIUM,0.6355,2.5,4,0.82,1.0,2.5,2.5
FM59787,CSXX 200,RISK,0.39,MEDIUM,0.61,2.5,4,0.65,1.0,2.5,2.5
CH68474,CSHH 100,RISK,0.29656250000000006,MEDIUM,0.7034374999999999,3.175,4,0.75,1.0,3.7,2.15
CH68474,BWWW 300-7,RISK,0.36806250000000007,MEDIUM,0.6319374999999999,3.175,4,0.64,1.0,2.0,2.5
CW84107,CSXX 200,RISK,0.3728125,MEDIUM,0.6271875,2.7750000000000004,4,0.65,1.0,2.5,2.5
CW84107,BOOO 200-1-7,RISK,0.2793125000000001,MEDIUM,0.7206874999999999,2.7750000000000004,3,0.89,1.0,2.7,2.5
CW84107,CSLL 200,RISK,0.28956249999999994,MEDIUM,0.7104375,2.7750000000000004,4,0.83,1.0,4.0,2.5
LV71482,CSVV 100,RISK,0.27649999999999997,MEDIUM,0.7235,2.5,2,0.74,1.0,2.5,2.5
LV71482,CSGG 100,RISK,0.34299999999999997,MEDIUM,0.657,2.5,3,0.63,1.0,2.5,2.5
DN82087,CSOO 100-5,RISK,0.22182352941176475,MEDIUM,0.7781764705882352,3.0588235294117645,3,0.83,1.0,4.0,2.5
YH60582,CSOO 100-5,RISK,0.29689285714285707,MEDIUM,0.7031071428571429,3.2857142857142856,3,0.61,1.0,2.5,2.5
NN49334,BUUU 200,RISK,0.2398780487804878,MEDIUM,0.7601219512195122,2.721951219512195,3,0.85,1.0,4.0,2.5
NN49334,CSSS 300,RISK,0.2976280487804879,MEDIUM,0.7023719512195121,2.721951219512195,4,0.99,1.0,3.233333333333333,2.5
BQ11368,CSMM 100,RISK,0.3115,MEDIUM,0.6885,2.5,3,0.84,1.0,2.5,2.5
BQ11368,CSXX 200,RISK,0.39,MEDIUM,0.61,2.5,4,0.65,1.0,2.5,2.5
OV65626,CSVV 100,RISK,0.254375,MEDIUM,0.745625,3.35,2,0.7,0.8333333333333334,2.5,2.5
OV65626,CSXX 200,RISK,0.37973214285714274,MEDIUM,0.6202678571428573,3.35,4,0.65,0.7142857142857143,2.5,2.5
CC47032,BDDD 100,RISK,0.43100000000000005,HIGH,0.569,2.5,3,0.71,0.3333333333333333,2.5,2.5
RR29350,BOOO 200-1,RISK,0.384,MEDIUM,0.616,2.5,4,0.69,1.0,2.5,2.5
RR29350,BBBB 100,RISK,0.3205,MEDIUM,0.6795,2.5,3,0.78,1.0,2.5,2.5
RR29350,CSLL 200,RISK,0.363,MEDIUM,0.637,2.5,4,0.83,1.0,2.5,2.5
RR29350,BEEE 100,RISK,0.3055,MEDIUM,0.6945,2.5,3,0.88,1.0,2.5,2.5
ZF22876,BDDD 100,RISK,0.2905,MEDIUM,0.7095,2.5,3,0.98,1.0,2.5,2.5
ZF22876,CSVV 200-6,RISK,0.242,MEDIUM,0.758,2.5,2,0.97,1.0,2.5,2.5
MN32629,CSHH 100,RISK,0.360090909090909,MEDIUM,0.639909090909091,2.3545454545454545,4,0.61,1.0,3.7,2.5
MN32629,CSVV 200-6,RISK,0.273590909090909,MEDIUM,0.726409090909091,2.3545454545454545,2,0.87,1.0,2.3,2.5
SN01144,BOOO 200-1,RISK,0.359125,MEDIUM,0.640875,2.85,4,0.71,1.0,2.5,2.5
RX90619,CSWW 300-8,RISK,0.21692307692307689,MEDIUM,0.7830769230769231,2.9692307692307693,3,0.9,1.0,4.0,2.5
QJ86354,CSXX 400,RISK,0.3670467032967033,MEDIUM,0.6329532967032967,3.161538461538462,2,0.7,0.2857142857142857,2.0,2.5
QJ86354,BDDD 200,RISK,0.48982051282051287,HIGH,0.5101794871794871,3.161538461538462,5,0.82,0.2222222222222222,2.5,2.5
